MovieID,MovieTitle,Category,Rating,RunTimeMin,ReleaseDate
2F49D5AF-B5C1-4B87-B426-002881C6B2DC,Card Spark,Romance,R,103,02-13-2018
6260DE1C-81BC-48B8-BE49-007D629CBE9A,Cube Lake,Science Fiction,PG-13,186,03-13-2018
3F0E40A9-330F-40A9-968D-008A68597FA6,Brick Destiny,Science Fiction,R,182,02-13-2018
DE31D122-4694-4C89-8E91-00B8CB80A3B4,Magical Dogs,Comedy,R,128,12-05-2017
FCE022F4-135C-4C3C-8D9B-00D4DA58FCCF,Western Data,Family,PG,97,11-28-2017
CA1EB6CA-9D55-41C9-A9FF-0100A19D1ABC,Data Destiny,Science Fiction,R,167,08-08-2017
672B5A1C-F5B3-45A0-9919-011BB1E85A65,Space Case,Romance,PG,94,08-15-2017
E0FBCA9E-0B78-4632-B411-01D726B417AF,Forest of Pizza,Science Fiction,PG-13,133,06-19-2018
2B9029DC-D546-4469-AD94-021401405466,Warehouse Forest,Family,PG,108,04-18-2017
71222958-647C-47F7-AC53-02AB4151D69E,Intrigue Journey,Comedy,R,104,02-07-2017
94ECBCF4-8A82-4F1E-9DCF-02EB4E51B067,Stream Forest,Action/Adventure,R,105,05-02-2017
FDD7B95F-F3BF-4E38-8BCF-036ADD425BC7,Magic of Fate,Action/Adventure,R,153,08-22-2017
FB357EF8-93AA-40F0-BC7B-038241B0FB2E,True Trek,Action/Adventure,R,117,01-16-2018
135922F5-9314-4AAF-AF75-03A8423474C2,Magic of Pirate,Romance,R,99,10-10-2017
583ECFFF-1497-4043-B2B0-040A0FD4754A,Flying Garden,Comedy,PG,128,02-28-2017
EDF7DFDD-2952-4B4A-8AC5-043C4EB1D8B9,Furious Dogs,Romance,R,96,02-14-2017
C48F6912-8106-4639-A65E-0545CF0A9967,Burning Engine,Science Fiction,R,123,10-24-2017
4C25BC9C-2F81-45F0-BE71-0554A0BB0533,Forest Detective,Family,PG-13,98,03-27-2018
FA408465-EF4C-4D5A-8DAB-05568CF3799C,The Theater of Adventure,Romance,R,100,01-31-2017
BEFB9A86-4768-49B0-AF74-0573FD17AEFA,Extraction Robot,Action/Adventure,PG,122,03-27-2018
96277365-56BD-44BC-8913-05CFEDA82297,The Space Extraction,Comedy,R,115,05-09-2017
D5B0D312-C9D8-41FE-91F4-06769A200666,The Mysterious Detective,Comedy,PG,85,06-13-2017
3F696700-655B-4D75-B1EB-067DB16C6F78,The Best Kitchen,Comedy,PG,84,06-19-2018
4B434B33-3EEE-4B8F-9E67-06B1760A28C7,The Hand of War,Comedy,R,80,06-12-2018
BCA00995-A1D7-48B1-ABEE-06BD8404A7C5,Western Garden,Science Fiction,R,173,04-10-2018
053DAF12-6F7E-44A4-9836-06E7BF874F18,Forest of Pirate,Family,PG-13,93,09-12-2017
5CA966AD-762C-4E01-AEFC-0789747FFE11,Stream of Robot,Science Fiction,R,117,06-05-2018
A4AE4E70-DB8D-4EF4-B5F6-08193198BA1E,Factory of Engine,Family,PG,85,03-07-2017
ED1B1EAC-2461-4FE9-B95F-083BCD5963B3,The Nautical Destiny,Comedy,R,125,03-06-2018
C3DDE7F7-A0EC-45C1-AB9B-088094B91498,The Clear Destiny,Romance,R,89,04-17-2018
4DFA71AC-6AB2-4AAB-97C1-08EDFF999532,New Pizza,Comedy,PG,99,04-03-2018
657EE9F1-BDA3-4035-B170-0A09111A1546,Nautical Pizza,Family,PG,86,02-07-2017
46673BE0-F600-41A2-AA1A-0B33404DA0C8,The Joyous Stream,Comedy,PG,126,07-04-2017
404BE3ED-17E8-4380-AE20-0B57AB4C28BE,Pirate of Garden,Romance,R,89,01-02-2018
E8728370-1678-43B2-B836-0B5D1B3972FB,Social Garden,Action/Adventure,PG,133,01-23-2018
28C6B2A8-CC0D-41B2-B6D7-0B6B505EDC58,Random Forest,Action/Adventure,R,101,01-24-2017
F2059F89-131C-4567-915C-0B76C2CE967C,The Real Destiny,Romance,R,93,06-20-2017
ED3CDC72-3CFD-44B5-A331-0BC213AF1731,Cluster Card,Comedy,R,116,01-16-2018
930DABC4-293F-4F10-A4E8-0BD81DE04B27,Cube Cube,Comedy,R,89,12-26-2017
594C7E59-8823-4620-B150-0C23254BF26B,The Important Engine,Comedy,R,86,05-09-2017
E35D701F-3083-4FF8-8017-0C3D95E0D123,International Forest,Romance,R,99,04-04-2017
4AB34F07-4F65-4082-BDA6-0CAA930973FC,Trek of Pirate,Family,PG,85,05-22-2018
564FEB5A-347F-4B39-8BB1-0CD53CDB052D,Joyous Factory,Science Fiction,PG,126,09-26-2017
F6FF951F-D523-4997-8561-0CE0720695F2,Magic of Generation,Romance,R,95,10-24-2017
DF418640-13F5-464E-B84C-0D57CD929D9E,The Cube of Intrigue,Science Fiction,PG,121,01-23-2018
DC623625-5832-47B2-8EA4-0D8C74A7BE32,Extraction of Adventure,Family,PG,103,11-21-2017
EA810B6F-7F8A-402C-A246-0DBA500E3313,Blazing Case,Family,PG,99,12-26-2017
FF197BEB-DE04-44D2-9344-0DE1ADCD30AB,Data of Engine,Romance,PG,109,02-28-2017
80651D5B-D3AE-40CE-9A07-0E1A9F01BD53,Brick Garden,Romance,R,97,07-18-2017
89465AEA-E74E-4517-B452-0E9310181E8C,Detective Intrigue,Family,PG,87,09-12-2017
77A02295-25C3-4C08-B3CC-0EA7CE7F8DA7,The Different Factory,Action/Adventure,R,150,05-08-2018
B27DFD75-2BB3-4997-B441-0EBF742E29B5,Forest Magic,Action/Adventure,R,107,06-05-2018
9E13AF39-F6BF-4BE3-A584-10C759203B55,The Cave of Sorrow,Family,G,105,10-17-2017
BBF2B8B8-0B05-45F0-87A5-10C86CB2E024,Frozen Garden,Family,PG,72,02-14-2017
87B30D32-56A0-4CFE-85D2-126F87791219,Extraction of Cluster,Family,G,96,03-20-2018
8DDCCB91-424B-48AC-8124-12959F61207C,Forest of Detective,Science Fiction,R,147,01-03-2017
30D82692-3517-4B7C-A1AF-12FE57844237,Space Trek,Romance,PG-13,94,04-18-2017
D20D9DE8-A588-41BB-BCEC-130B554385CA,Fate of Extraction,Romance,PG-13,95,09-12-2017
86A9EE14-1895-4556-9876-13866EEB983D,The Joyous Pizza,Action/Adventure,R,130,12-26-2017
54DFB855-7525-4F1F-BFD5-13DCCE8A6AA9,The Flight of Ice,Comedy,R,122,08-29-2017
4D1C6020-A529-42A9-8342-13E763C5816D,Major Pirate,Romance,PG,95,03-07-2017
9662B2A6-108F-4310-B795-144526998BD0,Flying Robot,Comedy,R,89,01-23-2018
27ADBC6F-A14E-42DE-9899-1491AF11931D,The International Destiny,Comedy,R,98,09-26-2017
8FC11FB3-256C-4836-917F-14BF215AEFB1,The Frozen Journey,Comedy,R,126,08-08-2017
3AE32733-BB41-47DB-B010-14EE6FECBFAE,Local Data,Comedy,PG,111,05-15-2018
ABA861BA-14D1-4DFA-88A4-15058B26244D,Data of Fate,Action/Adventure,R,141,06-12-2018
225030A2-F981-4963-9DA7-151349B7687A,New Stream,Science Fiction,PG,177,02-20-2018
A44D919C-A693-4399-BDA2-15378F010A4A,Engine of Destiny,Science Fiction,PG-13,168,06-13-2017
B477650D-C9DD-4EB8-B8A2-1551BB2555C9,The Nautical Warehouse,Family,PG-13,101,01-10-2017
9ADBFE30-C16A-4ECE-9FB9-1554572514AD,Happy Garden,Action/Adventure,R,117,05-30-2017
EEAF6BF4-3947-4662-BED9-1575635C3BD4,Cube of Warehouse,Romance,R,88,05-23-2017
B8FA0D27-71E6-44BF-85F3-157DB5AF6004,Extraction of Extraction,Science Fiction,PG,151,08-29-2017
E219F99D-381C-469E-B5DA-159A9E38E9E9,Space Destiny,Romance,R,85,05-08-2018
ED4ED7A6-257A-47FE-B121-15C00F29C37B,The Western Generation,Romance,R,108,10-31-2017
23B3248E-F2E6-43B5-B7E4-162525C1C61A,The Ring of War,Comedy,PG,125,01-10-2017
0E6CC903-446F-4AD4-90C2-16546E3A6CF4,Spark Cluster,Family,PG,74,04-11-2017
955D0498-D69B-49D2-AFBD-168880BB4B97,Pizza of Data,Comedy,PG,116,01-09-2018
EE7CA8A2-76E0-469E-A869-17B5347EA824,Spark of Journey,Comedy,R,103,06-06-2017
38DC075F-8E40-488A-9BF0-17B7730D58E5,Great Extraction,Science Fiction,PG-13,163,01-31-2017
08F176D2-DD9C-47A2-8B32-17E39AC6146F,Pizza of Robot,Comedy,R,118,06-05-2018
D6075C13-27B4-4450-AB6D-180E73920EEB,The Social Destiny,Comedy,PG,89,10-31-2017
D2136C7D-2691-4281-8149-1814E9092AA2,The Great Pizza,Family,PG,84,02-28-2017
012A4701-86D5-4681-8EDD-184B62926B53,Stream Robot,Action/Adventure,R,150,03-14-2017
DF754167-115D-48B1-AD59-187FEE4E1A68,The Social Magic,Family,PG,82,01-10-2017
7DCFDF43-866B-4BE5-81A4-189FAEA9CE86,Adventure of Cluster,Romance,R,95,02-13-2018
7C955461-4C00-4896-A427-18AB80D26C68,The Generated Magic,Romance,R,85,04-11-2017
06321219-55FF-4E50-AB7C-18B67ED6F113,Joyous Trek,Romance,PG-13,105,02-21-2017
FC856FD2-4D66-4DFC-99BC-18C2D36169DF,The Important Factory,Action/Adventure,R,151,10-03-2017
05FB4319-158B-4057-A987-1907E58E3CB4,The Burning Card,Family,PG,70,03-28-2017
D705F543-65F8-413D-9210-1912045472DB,Real Cube,Comedy,R,80,04-04-2017
8C1E7B6F-86AA-447B-9A55-19292B931863,Certain Journey,Comedy,PG,125,07-25-2017
A60D3393-3C91-445D-8817-19682BCCEA8E,Intrigue of Garden,Comedy,PG,98,05-22-2018
18D1C758-2F4A-4A5A-9832-19F18F4771C0,Random Garden,Comedy,R,112,04-24-2018
B7F58C29-2B4A-43CF-9B43-1A29E51EA6FE,Generation of Cluster,Family,PG,91,03-13-2018
D3B5008E-3377-4590-ABFE-1A3A631723A7,The Different Garden,Family,PG,76,12-19-2017
E7999301-4FD7-4479-8757-1A8C61BDEFC0,Happy Hand,Science Fiction,R,144,06-05-2018
F0CF4F2D-6D62-46FC-9D55-1AEC89709AD0,The Chilling Cube,Family,PG,106,07-11-2017
D8426A74-DD99-4B64-A817-1B3205474C7F,Kitchen of Engine,Romance,R,96,01-03-2017
B6EE38C6-5411-42F7-A359-1BBE13B35E73,Space Garden,Action/Adventure,PG,102,06-27-2017
1906292E-DA5E-4D54-8EE5-1BE23BA2CF1B,Card Stream,Romance,R,97,10-24-2017
AD3F3FFE-5F2A-45BE-8A35-1C8072D1EA65,Chilling Kitchen,Action/Adventure,R,146,02-20-2018
75937BAE-2153-4C3B-8EEC-1CA0F3742EDA,The Joyous Cluster,Science Fiction,R,128,03-27-2018
8F6BE3F1-468B-4EA1-A7F3-1CAAE88BFBB3,Engine of Trek,Action/Adventure,PG,147,01-03-2017
6199C9C7-79AA-42C2-B5B8-1DCC08C43BEE,Special Generation,Romance,PG,88,03-14-2017
D21EA9A8-3A1E-4542-B2EB-1DCFA665100F,The Book of Sorrow,Comedy,R,82,11-28-2017
0D118D79-D63D-44B1-8C78-1DE4F6CD2D5F,Strong Pirate,Family,PG,75,06-20-2017
9B6ADE5A-5F7A-43FE-981E-1E9017224206,The Western Spark,Family,PG,87,01-31-2017
DF529A5A-C117-4ED5-8242-1E969BBC55F8,Nautical Pirate,Science Fiction,PG-13,154,03-06-2018
97DB0C7E-95BA-455D-8CD3-1EFDBD7771D3,The Happy Spark,Comedy,R,97,06-20-2017
72A83260-7CCF-4348-A455-1F62879D85E5,The Real Garden,Family,PG,70,07-04-2017
FAC28A5A-A113-4718-96BB-1F965634559A,Factory of Card,Family,G,83,05-09-2017
C050CB03-0EFA-4801-80E8-1FACF55616BD,The Social Cluster,Science Fiction,R,162,05-01-2018
AF3F0B91-E29B-44C3-948A-1FB8F25B8187,Important Magic,Science Fiction,R,141,06-12-2018
BC18BFBA-3979-436E-8E3C-1FE4ED5A78D7,Lake Cube,Family,PG,75,04-18-2017
80E974EB-D948-4F6A-A4D0-2035E16F83D2,True Data,Action/Adventure,PG,107,03-07-2017
F211399C-0ACB-4A07-A46C-20803350461F,Robot of Cluster,Action/Adventure,R,141,04-18-2017
3036E5B6-3A4B-419A-9245-2081CC709D36,Robot of Warehouse,Family,G,86,11-28-2017
4C2035FE-D034-4857-9A1A-20A49A94537C,Intrigue Magic,Science Fiction,PG-13,174,04-24-2018
CBD35E01-9697-40EB-9959-20CBB5D978CD,Kitchen of Extraction,Family,G,89,07-18-2017
5DB04372-E789-4D87-9454-20CDB0D6978A,Flying Pirate,Comedy,R,100,08-01-2017
C8B4B133-B5E5-4923-B1FB-212F3615E0B8,The Dogs of Adventure,Comedy,R,82,10-24-2017
2C669D4A-A31A-421A-9931-21DBBB224A30,Brick Brick,Comedy,PG,104,07-18-2017
F53C7C4D-D640-454A-8902-21F09DC2F400,Detective of Cluster,Romance,R,88,12-05-2017
1B2101C4-DB4A-4B9F-8B39-22234F621989,The Frozen Detective,Family,PG-13,70,05-16-2017
30AA189A-A5E9-4B3B-8E03-228075C700CB,The Robotic Stream,Romance,PG,94,03-28-2017
11FED0E8-E5D0-43CC-A061-22896E9DAF52,The Local Spark,Science Fiction,PG,173,08-01-2017
4B8F926A-3656-490C-BAB3-229FBE93204B,Western Dogs,Romance,R,85,05-23-2017
0DA4328C-FA3F-4E92-9B03-23862D44FAD3,Important Journey,Romance,PG-13,89,06-05-2018
6FE99E4C-8356-4835-A22D-23FB1FEC1E55,Kitchen Cube,Family,PG-13,74,02-13-2018
C7CF48B9-A5EA-42B8-8C84-2413E863AA6F,Lake of Card,Action/Adventure,PG,106,01-10-2017
72DF1D8E-9F3A-487D-BA2B-247D102CB0C6,Card of Adventure,Family,PG-13,108,08-01-2017
26C8951F-5F08-41BB-8724-24A42575B166,Trek Cluster,Romance,PG,90,08-22-2017
D25D6035-8587-445C-B904-24D2E2F50A31,Mysterious Trek,Comedy,R,120,09-05-2017
C9581C81-5FD9-41FE-97AE-24E51270D863,Engine Brick,Action/Adventure,R,123,04-10-2018
F9C9C1DE-A344-4E89-B40E-253777CC748E,Intrigue Trek,Romance,PG-13,107,06-26-2018
FA36B05E-CD4C-48E6-A0D5-25516733FA04,Clear Detective,Science Fiction,PG,129,10-31-2017
801A298F-1F45-4645-8E18-25538B54C7D1,Destiny Cluster,Family,G,96,05-15-2018
2D3D43D0-3297-470D-BBCC-25CD5A2D0A08,Different Pirate,Action/Adventure,PG,138,06-12-2018
7F32D11A-0D40-4A03-8A76-266C96410177,The Random Forest,Action/Adventure,PG,140,05-30-2017
52C58ED4-EC6A-460A-B342-269A99F28355,The Important Card,Romance,R,102,07-11-2017
8B76A1C4-C9D2-46B6-B461-26A3EBC35308,Forest Pirate,Family,G,81,06-20-2017
84EC3AE0-E74D-439B-A28C-26E49C1F9EEF,Free Journey,Action/Adventure,R,124,11-14-2017
D871BE24-ACE0-4EE9-8330-27A2ED81E264,Robotic Garden,Romance,PG-13,95,05-08-2018
35683B54-EFBC-4273-B8AE-281726DDBB6B,Lake of Cluster,Comedy,PG,83,01-16-2018
E8883F89-F20E-45DC-8CAC-2836522BD63A,Western Book,Family,PG,92,04-03-2018
B480E543-7183-4E95-889A-284901978723,Data of Adventure,Science Fiction,R,154,05-15-2018
D1903DD7-2546-4A73-AA6B-285E5E2E9837,The Social Adventure,Romance,R,91,02-13-2018
A9379DC7-4F1D-4897-A66A-2907F1F5F613,Free Spark,Family,PG,92,02-14-2017
50585424-1C71-4C8B-A779-2932CBC4A725,The Happy Data,Family,G,96,04-10-2018
C984894A-2513-4D0C-BB8B-295950CBF3B6,The Clear Pizza,Science Fiction,PG-13,171,02-27-2018
854F4F88-55F4-4965-8103-297AE047C0B2,The Social Pirate,Action/Adventure,R,126,01-23-2018
5D51D1F6-0561-438F-A062-2A1FF541A4ED,The True Stream,Science Fiction,PG,127,03-20-2018
311C18E6-485B-4246-BD22-2A379FFFFFAD,Journey Warehouse,Science Fiction,PG,124,09-12-2017
92799477-DB81-4BA9-A1A5-2AE5243C689B,The Happy Magic,Action/Adventure,PG,109,05-22-2018
B95A1B00-6FF2-4CF2-8A66-2AEDC1A203EB,The True Cube,Action/Adventure,R,102,06-27-2017
0663F632-ED33-4685-93A1-2B1B93E0CBC7,Frozen Pirate,Romance,R,105,08-01-2017
3ED381D3-327A-49C9-BA01-2B8C1F911706,The Case of Adventure,Family,PG-13,98,08-22-2017
B0D67197-A946-4540-B073-2B983B4C9A3A,The Fantastic Generation,Comedy,R,120,06-26-2018
285E2887-F525-466D-8A8C-2BC67EC88095,Real Data,Comedy,R,100,05-16-2017
EEED335E-5B08-40D0-AF5F-2BD82AA74162,Furious Case,Family,PG,98,10-17-2017
6B91C67E-D2E0-4F8F-AD8B-2BDF8AE0BE27,Fate of Card,Science Fiction,PG-13,171,10-24-2017
7A81478C-5F1E-43E2-BC3E-2C0CA1F1DEF4,Frozen Sorrow,Romance,PG-13,88,08-29-2017
F7B0D508-6FC0-4378-BAF5-2C72FC0F37FD,Generated Cluster,Family,G,101,01-17-2017
6F34C306-2B8A-4D3D-A07C-2CABDBB7EAC5,The Generated Cluster,Romance,PG-13,94,06-05-2018
803779D0-F909-4432-A642-2CB0E3EBB256,The Fantastic Journey,Comedy,PG,107,07-11-2017
4FDD785D-45FA-40C2-A465-2CD5744692AD,The Different Intrigue,Romance,R,97,04-18-2017
8E970965-E154-458A-9096-2D56A7B45E77,The Nautical Kitchen,Comedy,R,125,05-01-2018
D3C95E56-EADD-4A30-970A-2D751849A1B6,Engine of Forest,Science Fiction,R,172,08-22-2017
5828A5F9-B5C3-4580-8B1A-2D88FAD3FF82,Local Forest,Science Fiction,R,127,04-10-2018
CDE96325-8146-4151-8454-2EACC6139DC9,Card of Spark,Romance,R,94,03-21-2017
6ED812A6-26CE-4B48-A14B-2F0204A1FDA9,The Strong Adventure,Family,PG-13,73,10-03-2017
65492483-A426-4A62-94C8-2F0D16DE8E77,The Old Engine,Family,PG,75,01-16-2018
DA5D3DCC-6973-463A-9E09-2F6AD13767AA,Detective of Generation,Family,PG,99,05-08-2018
EEEE8A2A-AE97-46E4-8FB8-2FD42361411E,Extraction of Warehouse,Family,PG,78,04-25-2017
E8B0988A-988A-4D47-A485-300566B31887,Space Pizza,Family,PG,86,03-14-2017
52E8909A-5C09-4FBB-886D-301D5D79DCAF,Free Factory,Comedy,PG,108,08-15-2017
8E2773BF-F809-415A-9028-30429AE69C5C,Furious Sorrow,Science Fiction,R,121,01-09-2018
3F4F06C8-2706-4A89-B0B0-305336ED9D85,Blazing Cave,Comedy,R,123,09-19-2017
BFB1896C-14FA-460F-9427-307A2FCF244A,Magical Ring,Comedy,R,122,02-20-2018
7DB120CF-1B4E-419C-BA19-30DA9CA714FE,Random Warehouse,Action/Adventure,R,144,05-09-2017
CEAD7D0B-91C9-49A9-B2CE-310F8109D173,Clear Stream,Romance,PG,90,04-11-2017
0C87B85C-D065-4BA6-B949-313BCC2C9AFD,Robotic Pirate,Romance,R,86,01-16-2018
4D5C5F17-5E84-4D1F-AFCE-323E84A4FC9D,Frozen Kitchen,Romance,PG-13,109,04-11-2017
CF87D9B9-4DE6-4395-9C96-324E08A6093D,Magical Thread,Comedy,R,91,12-19-2017
C8325E72-F59F-41D1-B9F0-326AC7E95B60,Journey Factory,Comedy,PG,123,02-28-2017
310F3133-C852-4239-9267-330BF999C235,Lake Robot,Science Fiction,PG,112,05-16-2017
883F2945-74EF-4128-8E52-332B81206645,Magic of Brick,Family,G,74,08-08-2017
F54A0FE2-AAF6-4DD4-BB1B-334694B7D609,Furious Fate,Science Fiction,PG-13,183,10-10-2017
7CA7D3FB-1DF6-499F-AD72-3480613FEB09,Data of Warehouse,Comedy,PG,86,08-08-2017
2AD4475B-63CD-4D60-8628-349A476FA6CC,The Flying Generation,Action/Adventure,PG,130,07-11-2017
97BEAA36-087B-4933-AB87-34BC42CC7AC2,The Old Journey,Comedy,R,95,10-17-2017
FAC2137F-34AF-462F-A2BD-35745B9ECB93,Robot of Journey,Comedy,PG,88,05-15-2018
DE1478F6-2A0B-411F-9525-35CC87745D02,The Old Robot,Action/Adventure,PG,125,05-22-2018
C417546E-270C-42F4-92AA-36477D997AF5,International Destiny,Action/Adventure,R,112,05-23-2017
FA499138-4417-4762-96E0-3674C3513DDC,Sure Robot,Comedy,R,121,06-26-2018
13D1009C-CDF0-4BC1-84AE-3699C74A471E,The Free Magic,Family,PG,70,09-12-2017
7B230E64-AECC-4F72-BBF5-36A64FE264D9,The Certain Extraction,Comedy,PG,122,07-04-2017
564D6103-8ABB-4749-8D66-36AF23DC00D7,Generated Factory,Action/Adventure,R,159,10-10-2017
08D37C3F-0735-4C90-B463-36ECE243829E,Intrigue of Cube,Comedy,R,94,03-07-2017
96E585D3-019E-42CE-A2A0-370418F3A17B,Random Data,Romance,PG,100,06-05-2018
FEAADB4E-A144-431A-B634-370618F4038B,The International Garden,Family,PG,72,02-20-2018
86F792C5-FE96-4354-AAD1-376B983AA83B,Generation Engine,Comedy,R,100,02-13-2018
0DC563F7-0928-48B9-BF12-3826AE77409C,Pizza Factory,Science Fiction,R,145,01-23-2018
A727CA12-0205-497D-930F-385E3542A3F4,Magic Stream,Romance,PG-13,91,11-07-2017
CC23E31B-D318-46D9-B44E-3870155417C1,Robot of Factory,Romance,R,97,05-01-2018
902911EE-0D4B-41C2-9339-3877FB13B86A,Frozen War,Romance,R,103,01-17-2017
80F4BBF4-905E-428F-886C-387BC022A8E6,Burning Fate,Family,PG,109,05-09-2017
433CC878-8560-4586-BE02-389E559FBEFF,Engine Intrigue,Science Fiction,R,138,03-20-2018
2ECBF8EE-7D90-4909-ABA4-3A2A3C4DDFCF,The Theater of Joy,Romance,PG-13,102,09-05-2017
6D7CDBD2-C0C4-4C19-B59C-3A440F903A01,The Magical Destiny,Comedy,R,111,12-12-2017
31018E1E-F00C-4994-844A-3AAA7E6700B5,The Social Cube,Action/Adventure,R,140,07-11-2017
5409BF93-0A47-46D8-B06A-3B09A3BB1AF8,The Peak of Ice,Family,PG-13,75,07-18-2017
18F41823-A7C4-4077-9827-3B14660E59AD,Adventure Intrigue,Romance,PG,101,06-12-2018
704B4758-9BB8-4BFE-B9C2-3B14A335916C,The Frozen Kitchen,Family,G,83,05-29-2018
6A818E76-EFEA-421B-AD55-3B7624DAC7A0,Generated Pizza,Science Fiction,PG-13,158,04-03-2018
11041FF4-2607-472B-9AF4-3BDC30899214,Engine of Adventure,Action/Adventure,R,142,02-28-2017
D7098017-9181-4F9C-9D61-3BE6CDE99387,Intrigue of Trek,Comedy,R,123,04-04-2017
D6C2029E-F022-4EB3-B193-3CC0DF5915B0,Flying Engine,Family,PG,102,05-09-2017
42C8CF33-9555-4F85-B765-3D074072619D,Stream Intrigue,Science Fiction,PG,139,03-13-2018
5B6024AA-A80A-4229-BF85-3D1696EF34CF,Trek Trek,Science Fiction,R,111,01-09-2018
72FDBAC9-F156-4A30-92EE-3D177573C621,Journey Forest,Action/Adventure,R,153,01-02-2018
2DDB9E71-A9F8-4B41-A64B-3DAA83E5486F,Mysterious Cube,Romance,PG-13,107,05-30-2017
9C0AF426-7B10-4F1F-95FB-3E88228BE3E9,The Different Forest,Romance,PG-13,100,07-18-2017
D523AF91-3DF7-4451-B0B4-3EDC1CA44BEF,The Generated Garden,Romance,PG-13,94,06-13-2017
8712359D-88E5-400C-945C-3EE165FFF434,Card Intrigue,Family,PG,104,06-20-2017
9EE281CD-CB37-41FD-9846-3F0127E4A594,Pirate Forest,Action/Adventure,PG,115,04-25-2017
88DCF71F-349D-4E21-8AA3-3F03031F3798,Engine Pizza,Romance,PG-13,105,09-26-2017
E2B4BEFD-CEF3-459B-95B6-3F13B37ABC30,Western Factory,Action/Adventure,PG,142,06-05-2018
B387CB7A-A786-48B3-A966-3F7BC2F0D439,Engine Cube,Science Fiction,PG-13,168,05-16-2017
033B3C7F-FDCA-447A-9B99-3FA9EF2C2D0F,International Card,Science Fiction,R,112,06-27-2017
9CAC1026-ABD2-4EB1-9772-3FF3D5862936,The Best Brick,Romance,R,95,12-26-2017
6AA81139-9F74-4CCE-9696-406E11526F05,Furious Pool,Science Fiction,R,182,08-22-2017
FEDC2FDC-AA27-4F7B-ABF7-4097A817A0AD,Space Cluster,Science Fiction,PG-13,125,07-25-2017
E7436C0C-B36D-4B3E-85AC-40A14BBB9E3C,The Thread of Hunger,Science Fiction,R,173,10-31-2017
0F0324DE-40FA-46B5-AEC9-40AE6EA78EFA,Frozen Case,Action/Adventure,R,138,05-23-2017
A0A1D650-7769-438E-BACF-40F1B0BFE190,The True Forest,Family,PG,100,10-31-2017
FE090AF2-AD40-4EBC-B766-4105C5D7F824,The Best Journey,Comedy,R,119,02-27-2018
9CE3AB0E-6969-4675-B1E1-413AB55A2634,The Different Cluster,Comedy,PG,116,04-10-2018
3F992FAD-A8E3-49A3-8EEC-41B94AF60C66,The Robotic Robot,Action/Adventure,PG,103,02-20-2018
B8EA341F-4515-4F53-B20A-41C699C3667C,New Engine,Comedy,PG,99,10-17-2017
00A90BAF-4E31-4623-AEF8-41EB5D98C1F1,Stream Intrigue,Romance,R,86,03-27-2018
A78A8603-CF8A-469B-9A38-41FC64C0339E,The Robotic Fate,Science Fiction,R,152,02-07-2017
888DDABE-6842-45E9-9638-41FCA28F683A,Garden Factory,Family,PG-13,79,05-29-2018
B5081554-827B-4FFB-A214-420C3EB0000A,Stream Data,Action/Adventure,R,123,06-27-2017
BEA8259C-5C59-43E7-859D-422AA191FA3D,The Magical Intrigue,Family,PG,82,04-03-2018
F6D7EB40-71DE-43C9-9850-42361B78F008,The Random Engine,Comedy,R,126,06-20-2017
415B73B5-19D7-4A81-9691-42D2DDE8D07A,The Great Fate,Romance,R,108,04-24-2018
56623208-1B48-4468-9ABA-43447DF42266,The Joyous Intrigue,Romance,R,109,12-19-2017
17ED07F1-FCA6-4B02-AD04-43480AB073F9,The Clear Adventure,Comedy,PG,90,11-21-2017
9D5AED0B-BBB2-4589-9191-43FFBE30C9C2,The Forest of Destiny,Family,G,98,06-19-2018
22C1F344-C4AD-4EF7-8DE5-44169985C580,The Joyous Cluster,Family,G,94,06-26-2018
DD5BF93F-8197-4EB6-8838-44195D8E54CF,The Western Robot,Science Fiction,PG,173,03-14-2017
35BC4934-87AF-437A-BA0B-44B7161A82FE,The Space Spark,Romance,PG,102,04-24-2018
031D43D6-0A92-4D1B-A1EF-44EE38A8CB35,Western House,Romance,R,103,09-26-2017
0BB64B5E-0872-41B6-BAFE-44F363BBD0FC,Nautical Magic,Romance,PG,105,02-13-2018
C4E297D7-D067-4F2B-A116-4526796A1321,Garden of Warehouse,Science Fiction,R,171,11-28-2017
AEAA4B56-C36F-48A7-8E3C-4564D55E788B,The Special Generation,Comedy,R,108,08-08-2017
E794174F-8785-4A52-A278-45B2C45547AE,The International Factory,Romance,PG-13,100,02-14-2017
C0712358-2EEA-4891-A610-45C72DDDC49F,Journey Journey,Action/Adventure,R,154,04-03-2018
152C31C6-F3E8-454B-9B21-461416A89C58,Pirate of Pizza,Romance,R,85,01-03-2017
F3D4D3AA-B8DD-4E3C-823E-461A3FBDE68A,Adventure Pizza,Romance,R,106,11-21-2017
68E318DC-9015-4EF4-9CEF-4637D7CCC368,Old Kitchen,Comedy,R,110,07-25-2017
D4C2CA2C-65FC-4182-BDF5-464CCAE53009,Extraction of Trek,Romance,PG-13,105,02-28-2017
502A8AAC-6AC5-4952-BFF5-46531CE4CF93,Nautical Garden,Comedy,R,122,09-05-2017
FD2F4BDC-B3D0-4A09-9885-46F8FBD0D65A,Data of Cluster,Action/Adventure,PG,117,04-18-2017
E3339F7E-894D-4FC7-BDD9-4747A913D829,Free Kitchen,Comedy,R,84,01-10-2017
867743AF-0B95-4C61-B01B-475F22B1392F,Free Robot,Romance,PG-13,107,05-01-2018
654E0ACC-743C-4A36-BA40-4798A2DD0C1B,Stream Spark,Family,PG,109,03-06-2018
55E834AF-987E-4F70-81EE-479A0F72C95F,Brick of Trek,Comedy,PG,100,10-31-2017
1A088E61-63C5-4055-862D-483A4BF1BB4A,Spark of Adventure,Science Fiction,R,140,12-19-2017
BA0CE574-5E5C-4798-9C2D-48B2387DE50E,Detective Cube,Family,PG-13,104,10-10-2017
F52C70E5-5907-44A8-9F35-48C96550A63B,New Magic,Action/Adventure,R,152,06-19-2018
EA3364CC-6288-4D65-BCAF-48FCEDFC2CBD,The Magical Card,Action/Adventure,PG,141,06-12-2018
99A66346-19DA-4481-8DF0-4A4D2F8C4706,The Local Card,Family,PG-13,107,09-05-2017
1073C7E3-8618-46A8-A20C-4AB637827566,Special Stream,Action/Adventure,PG,152,06-26-2018
6CC64BBE-B599-4D36-AB18-4AFC1483523C,The Major Adventure,Action/Adventure,R,117,09-05-2017
52C35E35-6165-42C4-A18C-4B8487E52FA0,Real Brick,Family,G,95,10-31-2017
391E1233-5D67-4515-A116-4BC16B49F082,Generated Adventure,Action/Adventure,PG,151,04-17-2018
ED026D86-5339-4AC5-9C4E-4BFFE5FF32F4,The Ring of Joy,Comedy,R,112,03-07-2017
FE985DDC-949C-4FAF-9F51-4CA0E4F26EAE,Chilling Case,Family,PG-13,106,05-02-2017
7B113A2B-2148-4247-BD33-4CA66D0BB041,Stream of Fate,Romance,PG,92,09-26-2017
00BC0A8A-7B60-47C5-8C7F-4D34E3E43A4C,Data Factory,Family,PG,77,06-26-2018
5EAE5FE5-3D41-4608-A7B6-4DA5A5E85C2D,Flying Stream,Family,PG,97,07-25-2017
5EC41D97-687E-47EF-8C58-4DAF21BF9552,International Brick,Science Fiction,R,141,07-04-2017
088C3767-2D77-462B-97C6-4E4A5F5D9E49,Factory Engine,Family,G,97,05-01-2018
76921A13-F30D-4E86-AADC-4EAF143B5DBF,Trek Detective,Romance,PG-13,104,12-26-2017
B6928724-A907-41FF-A766-4EFA04B7F723,Cluster of Forest,Family,PG,95,01-17-2017
0C7B2DF3-0815-4BCC-947A-4F1A2DE4362D,Card Kitchen,Science Fiction,PG,157,05-16-2017
BF63EB5C-8D49-4366-A7A1-4FCB46919DB7,The Different Spark,Action/Adventure,R,129,06-26-2018
87943B64-CF1C-46C8-AC45-4FD1A319BCD4,Frozen Pool,Family,G,91,02-13-2018
5058BC92-DE43-4A2B-8407-50056895E7E1,Great Warehouse,Action/Adventure,R,117,02-14-2017
6E8C2BE5-3526-4450-B0F8-504C0B6D3E0B,Western Intrigue,Action/Adventure,R,111,06-20-2017
B06D4E0B-30B3-4957-9CC1-5050601F1AC7,Warehouse Stream,Action/Adventure,PG,148,04-11-2017
FC76EE96-3E26-417F-B3AE-505BF739724A,Forest Spark,Comedy,R,126,12-05-2017
522CD16C-4403-4B6D-9215-5060C752966C,Great Destiny,Family,PG,97,04-17-2018
45A05821-6C45-44BE-8C41-506DB3A61186,Cluster of Data,Science Fiction,R,110,05-30-2017
D1D16533-0DEE-4009-92A5-50893CC91322,Pirate Data,Comedy,PG,113,06-27-2017
528F16F8-F095-4683-8473-508AD1CAF789,The Hand of Fate,Science Fiction,PG-13,187,07-25-2017
B02D7577-7581-422B-9B57-50ACD95EA7E8,The Best Engine,Action/Adventure,PG,156,10-03-2017
CE389419-CC3C-4784-9FBA-50AD2B65C03E,The Theater of War,Science Fiction,PG-13,175,10-10-2017
CFD4646A-EB1B-4B6F-9892-50D95E79796C,Journey Kitchen,Family,PG-13,85,05-30-2017
4C69A46A-71B3-4CD7-8BB1-51D20FD7867E,Extraction Factory,Comedy,PG,112,01-24-2017
D8064FFF-CFE2-467C-AFDD-520E32BE9904,The New Card,Action/Adventure,PG,143,04-25-2017
42FBC8FB-2863-40CD-8C26-522A646E32B5,Destiny Extraction,Romance,R,101,11-07-2017
1B88C23C-3F4D-4292-A887-527D64F55E09,Factory of Factory,Romance,PG,109,04-11-2017
F2EDB327-0C9B-451F-8B3A-53037BEC4279,Flying Lake,Family,PG-13,100,02-14-2017
DCAFB1C9-E947-4BAF-84B4-5332E12760EB,The Burning Brick,Comedy,R,85,06-12-2018
93054B71-6049-49B5-B7E7-5348A3045A37,Fate Extraction,Action/Adventure,PG,111,05-02-2017
5C430495-82B5-4B5F-841A-53788FFDFA07,Sure Spark,Family,PG,108,02-06-2018
2EB035B9-E524-466D-B366-5379AB9B274D,Important Adventure,Family,PG,70,06-06-2017
41CCF37F-2A2B-4967-925C-53BF308AA856,Detective of Fate,Family,PG,89,02-20-2018
9E3533AF-647B-4B40-8785-5401684C894D,Brick Cluster,Family,G,81,06-13-2017
2A8B818D-314F-4D38-AB38-540B79482D82,Strong Trek,Science Fiction,PG-13,180,08-29-2017
6159D374-8968-41BA-9F4F-546DB65FE7FE,Important Garden,Action/Adventure,R,127,03-13-2018
5B9FCC77-3B1C-46B8-9EF8-54AC1C385DDF,Pirate Magic,Comedy,PG,123,01-23-2018
9093DDC2-A49D-49B5-A9FA-5500C36C8F94,Generated Magic,Comedy,PG,122,05-30-2017
4E47EEEA-1823-4559-89B4-552E55BE82EE,Data of Generation,Romance,R,101,03-20-2018
3E5EEEDB-8422-405B-AC4A-5536658F4980,Mysterious Generation,Romance,PG,90,11-28-2017
B321A0B5-13AE-4563-9CA5-553972009882,Social Card,Science Fiction,PG-13,164,03-27-2018
94C97163-59D7-46D0-93ED-55BC82727D82,International Warehouse,Family,PG-13,97,11-07-2017
54193F5A-C0FE-4753-A44A-5620CE4E5BDA,The Random Lake,Action/Adventure,R,153,09-19-2017
C113D2AB-51CA-47EE-95EB-562A54EEA9CB,Stream of Forest,Romance,R,96,12-12-2017
0DA27339-3D27-492F-BB6B-5660C29012D7,Free Trek,Comedy,R,109,11-14-2017
B6751982-90B3-42E7-9814-566298C605C1,Pirate Factory,Action/Adventure,R,150,04-04-2017
44F4AF56-7C39-4340-B10E-56799D55ED62,Pirate of Trek,Family,G,101,01-03-2017
6762D74F-D9BC-4A83-BBD0-56C6B54AEB48,Spark of Warehouse,Comedy,R,107,03-21-2017
9E02FFA8-554A-45F4-801B-56DA892C4ED1,Spark of Spark,Romance,R,93,05-02-2017
07381262-2925-4A42-AC9E-5721D1CFE0AA,The Major Kitchen,Romance,R,87,10-03-2017
C12515FC-DD6F-41B6-904E-573F8E373471,Factory Lake,Family,PG,91,03-21-2017
D225A713-76B7-4678-8813-5761AEDABF99,The New Trek,Romance,R,90,09-05-2017
53691F17-7EC4-4FAB-BA2F-57A6D0FE2E75,The Nautical Card,Family,PG,81,08-29-2017
3D909FCC-5549-4ECD-AB44-5865A740E6C3,Mysterious Ice,Family,PG,84,09-26-2017
4C33970F-E6D3-4421-905A-587E123B9960,Generated Kitchen,Romance,R,103,04-04-2017
E549C816-ED5A-4528-8C68-588034AA3B7F,Random Trek,Comedy,R,118,01-16-2018
637E910A-B827-45F1-BEC0-5887F4B89502,Robotic Warehouse,Romance,R,106,11-21-2017
1BAB47A0-B717-4D4D-B101-58F5BDE22F70,Robotic Data,Comedy,R,107,05-02-2017
14197330-1626-4CE5-91FC-5942A5D5F3D1,Clear Factory,Comedy,R,82,05-02-2017
AB15F13E-A9F3-459B-885B-5965EA86C4F3,Best Journey,Romance,R,91,08-15-2017
7AE698BE-7546-4BDD-9212-59AD1923C06C,Frozen Adventure,Science Fiction,PG,118,03-14-2017
D5683943-DF6B-40D3-9DA5-5A01CFC7712E,The International Intrigue,Romance,R,104,06-06-2017
EA115885-0B9A-4664-915C-5A44B24F42B9,The Pool of Adventure,Family,G,102,08-08-2017
A880B850-73AD-482A-80E2-5A64BF0C06AA,The Important Lake,Romance,PG,95,08-01-2017
5FD9C6CD-C610-4B72-A23C-5A66C2C6BE97,New Detective,Family,PG,89,01-09-2018
23C4816E-D08E-4217-9533-5A69897E7848,The Great Forest,Family,G,72,01-24-2017
F1DB87E7-B7F0-46DD-802E-5AB27325D6D3,Destiny Journey,Action/Adventure,R,119,04-10-2018
BFB74D2C-B294-4A18-8A3A-5AFD056890FE,The Happy Stream,Science Fiction,PG,172,10-24-2017
A8FD478E-5412-47AB-8331-5B03626F517A,Western Joy,Romance,R,106,06-26-2018
922F66A5-721D-4F0E-BF5C-5B0B85B513AC,The Ring of Destiny,Action/Adventure,PG,120,02-20-2018
5EED95C0-F543-4C84-9556-5B87DB173031,The Happy Robot,Action/Adventure,PG,127,08-29-2017
43D6D374-DFA3-47D9-9D80-5BD6FAF7C08F,Card of Destiny,Science Fiction,R,170,01-10-2017
0EB1E4FE-AE3E-45CF-95C4-5BFC2A57DEDE,Nautical Card,Action/Adventure,R,140,02-13-2018
731D66EC-79A0-46EB-8FD0-5C04F34FBCE6,The Western Brick,Science Fiction,PG-13,146,01-03-2017
161244FE-1E4D-4D4F-8913-5C0B6244FC8E,Magic of Cluster,Family,G,99,08-08-2017
DDBE8A74-94D5-4D05-8A20-5CAB7C1673F0,Data Brick,Comedy,R,101,10-24-2017
18563F7C-B34C-4F76-96BC-5CABD9087E38,Generation Extraction,Romance,R,90,02-14-2017
0EB3A3B4-3B1B-4B7B-A9CD-5D6CD4DFF1D9,Western Lake,Comedy,R,119,11-14-2017
1065B4D6-9143-4706-B117-5D87CE34B9BD,The Robotic Trek,Family,PG,93,11-14-2017
07259E58-3711-490E-B68F-5DA29168B105,Happy Cluster,Action/Adventure,PG,106,06-13-2017
6C52073F-43BC-45A5-83AF-5DB20F04FEFD,Trek Stream,Romance,R,103,09-12-2017
D24FB590-0298-4745-8BAC-5DBA2CAF6A73,The Social Intrigue,Action/Adventure,R,127,04-24-2018
94C9FF41-6A93-4194-9D1C-5E10DAACE08E,The Fantastic Trek,Comedy,R,97,05-29-2018
95EE1EE7-A93D-4866-A891-5E12454BE0AE,Extraction Generation,Family,PG,98,05-01-2018
917BBDE5-1BDF-4695-9D22-5E2924AA00F7,Burning Dogs,Romance,R,86,08-29-2017
269D0680-A89A-4913-919B-5E5FF3B8C9D3,Kitchen of Brick,Family,PG,79,05-30-2017
6C70E00D-43E5-4DAD-98FA-5E96D9D3823C,Spark of Destiny,Action/Adventure,R,116,05-23-2017
D7C24AEA-588D-475A-9F55-5EEB3411ABD4,Warehouse Trek,Romance,R,104,07-04-2017
326D4A69-5A3C-42EC-B3D3-5F0776980AC0,Data of Stream,Action/Adventure,R,103,05-08-2018
E48C244B-1959-445D-A1AA-5F1D49F8F734,The Local Cluster,Comedy,R,121,05-08-2018
7D5CB298-9FF2-4D2D-A00E-5F3B4793C27B,Pirate of Generation,Action/Adventure,PG,102,05-22-2018
14C1AEB1-80C8-4F60-8911-5F941B011E3E,Robot Flight,Comedy,PG,125,04-24-2018
F9E76125-99B2-4C21-A6A3-5F99B43A7A9F,Happy Lake,Family,PG,104,04-04-2017
C9BB84D2-791E-4E68-BDBB-61328A0053EA,Intrigue Cube,Comedy,PG,114,05-01-2018
4545A1CD-06DB-4478-92ED-618E3776DB71,The New Pirate,Family,PG,85,08-08-2017
DACC22C9-0E47-427C-94A8-61B1468D5EFC,The Best Data,Family,PG,79,05-22-2018
DF89B7E1-C921-4677-9753-620A078A6338,Detective Engine,Action/Adventure,R,139,06-06-2017
B84909D3-BC4C-4423-80BB-6250456FCDF2,The Certain Extraction,Comedy,R,115,11-14-2017
A3DC0D76-B034-41C7-B6EB-627969FD56F9,The Space Detective,Science Fiction,PG,146,04-11-2017
A94B6D93-758F-4466-B817-629371CDE178,Brick of Generation,Family,G,102,04-10-2018
211BE33C-EE8A-4774-B474-62E3425119F2,Western Engine,Family,G,77,10-24-2017
85BFAFD0-EECF-4780-89D6-6384D9BB6892,Garden Data,Science Fiction,R,136,04-25-2017
5FB2DEC1-B4D0-4B60-B972-638F68ADDA58,The Burning Adventure,Comedy,R,125,08-15-2017
D8701C17-D756-43F0-B76E-63BBC46B796D,Old Stream,Comedy,R,95,10-17-2017
9409F7E6-6F66-4057-9B7E-63E9ED3F9134,The Happy Cluster,Family,PG,105,06-05-2018
5CC88D29-62E1-49BF-A457-640255D05ED3,Adventure of Kitchen,Romance,R,89,09-26-2017
61B45043-5E35-4193-AFF0-64B4321ADCFE,Journey of Brick,Family,G,90,02-07-2017
4348D269-2DBB-48A3-9F49-64C63BA7EBC0,Blazing Adventure,Comedy,R,105,04-24-2018
AFB34B9B-B6F1-4B3E-8DF9-64D3E4E51913,The Cube of Fate,Family,G,105,11-28-2017
F14BE989-2B81-4E22-9D9F-64D5DAE404DB,The Great Journey,Science Fiction,PG-13,126,03-13-2018
78B16616-ED5D-43DB-89F0-652840D2F5E3,Engine Adventure,Family,G,107,07-04-2017
F4CEC240-BE57-4C38-8284-65E9ED134D9C,Data Kitchen,Family,PG,88,03-21-2017
44B643C2-681F-4122-ACB0-6630836DBA47,The Clear Data,Comedy,PG,111,11-28-2017
2533E69A-8DF7-4AFD-B413-66642CD86264,The Free Garden,Romance,PG,98,03-21-2017
B077F2AA-42DE-4280-A0FC-666FB70686B7,Journey Intrigue,Family,PG,80,05-15-2018
9C8735F9-71E9-4BAA-9793-66842E2341FC,Detective of Magic,Science Fiction,PG-13,187,03-27-2018
60460567-E615-41F6-AE9B-6691C6C95ED1,Robotic Garden,Comedy,R,80,03-07-2017
53D71062-6BB7-4FD5-931B-66D9F6B51025,Garden Warehouse,Romance,PG-13,93,03-06-2018
D2B7AFAF-9A85-44A2-A1E5-66E55B768F58,The Frozen Garden,Comedy,PG,82,07-25-2017
711AA574-102E-4A40-92B0-66F3D7382F95,Nautical Factory,Comedy,R,98,06-19-2018
3AB28FD5-E0D8-4A7A-AA3A-6718C91B2F06,The Cube of Sorrow,Action/Adventure,R,144,07-04-2017
7315684B-306D-440C-A1AC-6751ABCED1E8,The Peak of Destiny,Action/Adventure,PG,157,05-15-2018
87458EA1-EB71-450F-B6ED-683454A2CA19,The Different Card,Family,PG,74,05-30-2017
A0151530-8720-48F5-9697-6841F13CC89C,The Social Pizza,Family,G,70,08-15-2017
4C68D77C-085C-4433-9A29-69CBB4444B70,The Joyous Extraction,Science Fiction,PG,155,11-07-2017
390C6397-5D5F-49C9-A9E1-6A0E11A099B2,Intrigue Spark,Comedy,PG,93,08-15-2017
84DC1C9B-A0A5-4949-9A92-6A1863C550FC,Happy Scream,Science Fiction,PG-13,176,04-03-2018
56A10154-BF33-47FE-A70B-6A7444EE791D,Card Detective,Comedy,PG,98,11-14-2017
E5161369-1959-43EA-9086-6B00ED7119CD,Robotic Robot,Romance,PG-13,105,05-08-2018
D899CD0F-0B0D-4A9A-BA1A-6B171AAE9A4C,Generation of Intrigue,Comedy,R,82,01-03-2017
31BAC281-F05C-48AE-979D-6B5EF5128C13,Intrigue Extraction,Action/Adventure,R,127,06-06-2017
696E516F-D223-4E80-A6D0-6B77F64DC9ED,Journey Lake,Comedy,R,87,01-31-2017
46A4E0E5-2212-4576-A8B8-6CA6059DD4A3,The Real Factory,Family,G,108,06-27-2017
E00D9394-3D41-4D83-BA78-6CCFDFE4B34B,Fate of Trek,Comedy,PG,124,01-30-2018
A45712AE-B85E-4D3D-A357-6D37BE96E46E,Journey Brick,Romance,PG-13,90,05-16-2017
B9040AD5-A899-4063-9A88-6ECEADCD11D0,Lake of Robot,Romance,PG-13,88,03-14-2017
C3827339-8786-4F90-B642-6EE824C19ADE,Space Forest,Science Fiction,PG-13,129,09-19-2017
F1E6889F-8C6A-455E-AE05-6F68FDD192CE,Adventure of Robot,Action/Adventure,PG,112,03-06-2018
CC787C68-57EA-40D3-85A0-6F6EFFDCDF50,The Chilling Cube,Romance,PG-13,107,11-21-2017
AB46FC9C-59BB-419A-8834-6F98648188F5,Important Spark,Science Fiction,R,150,03-21-2017
4EBB41F7-D021-49BC-A3F3-6FD507D0DC0F,Clear Extraction,Action/Adventure,R,113,08-08-2017
93CA684A-CAB6-42D8-9837-70772A2192A4,Strong Generation,Family,G,76,06-19-2018
95B50ED7-483E-4931-9BD5-714DF5509C3A,The Robotic Lake,Comedy,PG,103,06-05-2018
3FA17B0B-E770-446B-BF7C-71743D72E2DE,Brick Adventure,Comedy,R,128,08-08-2017
11D9C105-F0B0-4042-A3CB-71A2781E69DF,Blazing Intrigue,Family,PG,86,10-31-2017
62BCBB4F-8DD4-4A03-8985-71EED82DBFEC,Fantastic Cube,Comedy,PG,96,05-15-2018
7A910F66-08AA-4179-9C4E-721B22D37409,Pizza of Destiny,Family,PG,94,06-27-2017
F7F9CA0A-64B2-4084-B985-722881DD7185,Cluster Destiny,Science Fiction,PG-13,115,04-11-2017
22205222-3CAC-4D93-95D7-722F77B3E5E1,Sure Card,Action/Adventure,PG,134,08-08-2017
E35EC7A1-27D8-45CD-848B-7250E1DC9842,Different Detective,Comedy,R,88,05-29-2018
18CDFFA0-D799-459A-8ECA-7353E7454E11,Intrigue of Destiny,Family,PG,86,03-06-2018
F604B13F-511F-49C6-9B32-7397E7DA31E7,Chilling Spark,Action/Adventure,R,146,11-07-2017
EF328C5C-3FB6-4E06-8838-73C63AC66F30,Cube of Engine,Comedy,R,120,03-14-2017
8E34F465-1FB8-4DD5-93A4-73CAB552C4A7,The Random Spark,Family,PG-13,98,05-16-2017
0968F1A7-A86D-444A-B94C-740AE1D8005C,The Cube of War,Romance,PG-13,91,06-12-2018
683442C2-0FCD-4CDE-A45B-7439BAB944A2,Intrigue of Trek,Comedy,R,105,01-10-2017
C74E3BAB-299F-4867-BB13-745E94115165,The Real Card,Comedy,R,93,08-22-2017
5924FF5F-DBCC-4281-B849-74AB43EF8879,Sure Garden,Romance,PG,88,11-28-2017
D6671E00-2BE3-47A3-87EF-74BDF86E53C0,Detective of Factory,Comedy,R,93,04-18-2017
E4AC6760-8FBC-417F-8FE7-74C51DA93F31,Forest of Garden,Science Fiction,R,182,11-21-2017
82E53E04-AC82-4252-BF57-753E106FE048,Real Brick,Action/Adventure,PG,101,03-13-2018
19A1CABD-4765-4E42-8837-75CC78633DE1,The Sure Data,Family,G,98,10-17-2017
89AEA912-615F-4A22-B737-75D14240521F,Warehouse Brick,Science Fiction,PG-13,165,04-04-2017
0CC53319-0ACD-4F80-AFB2-760D8D1DFD9B,The Western Fate,Family,G,91,07-11-2017
D1061C87-0175-447B-9B92-76188BD71A3C,Factory Data,Romance,R,94,02-13-2018
DBAAEB83-9B94-4521-A3CE-768D5AE973BC,The Free Brick,Action/Adventure,R,134,05-22-2018
AF6AC6CA-D262-4A2B-A868-76B890D2CA5B,Pirate of Extraction,Family,G,84,05-22-2018
46AFCFB6-4E2A-47F5-825B-76C584AA957D,Pizza of Trek,Romance,R,102,03-20-2018
89A56D73-7DDF-42E3-B541-76D0C6BBECFD,Robot Hand,Romance,R,85,02-20-2018
55008272-E67C-459E-91DB-77A2EBC934BE,Cluster Adventure,Family,G,96,02-21-2017
976191C7-5407-4846-9065-77D07B29C94C,Strong Factory,Comedy,PG,92,05-23-2017
58525B3B-7D2F-4773-A81B-781F810121BD,Different Journey,Romance,R,88,06-19-2018
31C6782B-0903-42DE-9922-785D88CECDC4,Adventure of Card,Science Fiction,R,129,03-07-2017
78422937-0211-44FC-BCE4-787EC985559B,Pizza of Brick,Family,PG,92,04-11-2017
02713FB6-B52E-47F6-B8C3-788831ED1776,Engine Extraction,Action/Adventure,R,122,09-19-2017
AAF71A94-69C7-497F-A6B7-789489B788CA,Robotic Lake,Comedy,R,89,08-01-2017
C35FEA9F-71A8-466C-B1A2-78AA81BC1021,Strong Magic,Action/Adventure,R,106,10-03-2017
62BA05B4-2A8D-4035-869E-78E031787524,The Hand of Destiny,Comedy,R,101,09-26-2017
F92D1C05-5A23-4BD4-97D3-7A3F9F6E70ED,The Generated Kitchen,Science Fiction,PG-13,172,04-25-2017
61945AA9-30D2-4F19-AFD0-7A919F4AC584,Trek of Generation,Comedy,R,120,09-19-2017
4D324F36-8AFC-4A29-970C-7B4F9E340E64,Kitchen of Generation,Family,PG,93,11-07-2017
BAE03802-14DA-4328-B61D-7B6A53ABF4D3,Burning Magic,Science Fiction,R,160,02-28-2017
614A5B6F-0883-49DA-A161-7C294F78398B,The Frozen Intrigue,Action/Adventure,R,128,01-24-2017
A4DD00A1-7D35-4511-9970-7CD16E49349E,The Chilling Spark,Action/Adventure,PG,121,01-10-2017
F0C7BCF7-61C6-4B1F-AD75-7D577CE4E24C,The Frozen Destiny,Comedy,PG,94,09-05-2017
6F52420F-909C-4A8C-8441-7D5E4350D952,Clear Data,Romance,R,97,10-03-2017
51574A30-1025-42E9-8A55-7D81DCB063A2,The Great Extraction,Family,G,107,02-28-2017
B2B5624D-678F-452E-A533-7DBFAB9B37AD,Furious Intrigue,Comedy,R,118,12-26-2017
736E4E71-11E1-4BDA-A6C9-7DDE82EF5BC8,Frozen Peak,Action/Adventure,R,145,05-30-2017
0608AC38-D82A-446B-8F2C-7DEC54DC884C,The Random Destiny,Romance,R,102,11-14-2017
587C884A-7B59-4F2E-A01B-7EA24541D2FA,Important Cube,Romance,R,95,06-27-2017
724CACA2-8D4D-4E43-8FF8-7EDBCC48814E,Local Garden,Family,PG,80,06-05-2018
3B359010-3F2F-4D6B-AA1C-7F9DE4132D82,Generation of Fate,Science Fiction,PG-13,159,07-18-2017
C8BB5F5B-C6EB-4C42-811E-7FCCB6D2619A,Generated Brick,Family,PG,80,01-16-2018
C91CCAC0-5A99-4F02-B742-800D6B6F5C78,Destiny Fate,Family,G,98,06-27-2017
2A9F63AA-BE8A-41BA-9D67-80141F455FC0,Engine Cluster,Comedy,PG,106,08-29-2017
90A6C0A5-97F6-4D03-AC14-8032847ED8A4,Lake Data,Comedy,R,120,06-26-2018
3AA6F077-618E-4BEA-A178-806E664FE1CC,Intrigue of Brick,Science Fiction,R,146,01-09-2018
8F7803E7-24B8-4948-930E-808F1613B8A5,The Western Adventure,Family,PG,82,01-17-2017
0E9D752C-664B-42EE-B58B-80BE2CC332E7,The Joyous Trek,Romance,PG,97,05-15-2018
F86B318C-883C-4DFA-9932-80D2A6DF07C5,Flying Case,Comedy,R,95,04-11-2017
4D2CED52-6F8C-4ADA-901D-818F9EEF4AA3,The Frozen Lake,Science Fiction,PG,116,04-17-2018
60D329EF-9908-41AF-BD70-819F1F4AB5A6,Factory Cluster,Action/Adventure,PG,140,07-18-2017
37EE22A4-A04E-4EC9-B4DB-81CA67CF24B0,Extraction Card,Science Fiction,PG-13,152,01-03-2017
F31575C7-9EE9-4DCA-B778-82300A6B9D0D,The Joyous Fate,Action/Adventure,PG,119,06-19-2018
7AAC18CA-FEC8-495D-8807-82C4A9E2FADF,Real Journey,Family,PG,100,11-21-2017
AB4A6310-3B35-4C0C-A958-82D8BB1F4BAF,Garden of Kitchen,Romance,PG,95,01-09-2018
1BAE3B3D-12D8-47A1-9321-8314D3F70CC2,Forest of Magic,Family,PG,92,07-11-2017
D83AF6D9-E80E-4A64-982C-833068DDE4CE,Local Warehouse,Family,PG-13,79,08-22-2017
EEBF7FB5-2A5A-4887-A74F-83545469005A,Real Fate,Science Fiction,PG-13,150,10-24-2017
9989DAD8-CBAF-4583-880B-83E13A644802,The New Warehouse,Comedy,PG,128,07-04-2017
F39C5332-733F-4905-AFA6-847BF1E659C1,The International Journey,Comedy,PG,101,08-29-2017
9FBD83E0-6C11-48DC-8E81-8525B94D1112,Space Journey,Family,PG-13,105,07-04-2017
0AF82933-A326-4461-B55D-855A57CD93B8,New Card,Romance,R,102,03-20-2018
F0EBE968-38A8-420B-B3F4-85A45A60F446,Brick of Intrigue,Romance,PG,89,07-11-2017
F8EA040B-C316-4A81-B81E-864520403E28,Fate of Fate,Comedy,R,87,10-31-2017
AFEDC0AF-DB5C-4D85-80B1-86E8585966C4,Western Cluster,Action/Adventure,R,122,04-25-2017
CFB813C8-B0EA-4EB8-8087-872EA905C256,The Pool of Joy,Science Fiction,PG-13,110,02-07-2017
BF9EE887-D539-4E66-AEAC-8797BE6B456F,The Joyous Adventure,Romance,PG,99,02-21-2017
4979A465-82A4-4968-9C39-87BE94CED6A4,Special Brick,Science Fiction,R,148,06-05-2018
4B2AB53B-44D2-4764-A041-87FEC2DC0AAD,Happy Chime,Family,PG,102,04-04-2017
97A6858C-E5FC-427E-9E93-8816ABBA38D0,Fate of Warehouse,Romance,R,94,03-27-2018
E0E7C661-3D28-4353-85F5-882C5FA7CC3D,Brick Factory,Family,G,109,01-30-2018
344A62B1-805D-411E-9D5E-884089591E3D,Random Pizza,Family,G,93,06-26-2018
1911AE35-E830-4294-AAA5-88A08AB22D95,Engine of Pirate,Family,G,80,08-08-2017
5B0815AB-E828-4895-B62F-88A5D626CE02,The House of Adventure,Romance,PG,95,02-21-2017
D9D390D6-C9FF-40B6-B39A-88B541578DAA,Social Engine,Action/Adventure,R,147,05-22-2018
411CBE42-E02A-41A0-B54B-892CCA1A528D,The Flying Brick,Family,PG,101,01-10-2017
90FF4E0F-7002-4E13-A860-896AA674F999,The Peak of War,Romance,PG,109,09-19-2017
3C0E1F27-B755-404B-862E-89A92DAAB1AF,Mysterious Extraction,Family,PG,76,07-11-2017
031A8F10-1868-41AA-9DCE-89ABCD5A24AB,The Flight of Fate,Family,G,89,12-26-2017
254BFE1D-6141-4474-B689-89AFE1DBF55F,Generated Engine,Comedy,R,113,01-24-2017
6917D790-6989-40E5-B540-89CAF2BA2DB0,Mysterious War,Family,PG,73,09-05-2017
1955B1B4-85B2-4D44-82D1-89CD8A79D5D8,Pizza of Intrigue,Romance,R,90,07-11-2017
8A6DA9BE-4BC0-4E4A-B03B-89D09D2B6DFD,Happy Journey,Family,PG,73,05-02-2017
4B30E3D4-667B-4C71-8A0D-8A02D703FDC6,The New Pizza,Comedy,PG,107,10-10-2017
7C94E5F5-1AFF-48CF-B7AC-8B26E7B042AB,Blazing War,Science Fiction,PG-13,171,12-26-2017
28C8BC26-4C61-454F-B8C3-8B2DE1053C76,Engine of Factory,Action/Adventure,R,138,04-24-2018
736932A7-B25A-4B76-B11B-8B5F68829933,The Mysterious Extraction,Action/Adventure,PG,156,12-19-2017
145B0B39-C367-4FB5-B649-8B7D63CF2367,The New Card,Romance,PG-13,90,03-14-2017
BD8B6588-3CD8-44B5-8555-8C6007810AB3,Important Brick,Family,G,104,10-31-2017
C61A51EC-4138-4493-9D56-8C6AD1C15160,Burning Robot,Comedy,R,126,10-24-2017
B7CEEC89-42C6-418C-8B17-8CA9E98A994C,Important Pizza,Science Fiction,PG,178,05-22-2018
DAC2B903-3DB9-4665-A0A7-8CCF65DD1D43,The Free Detective,Comedy,R,128,11-07-2017
D9D925B8-FEAD-4292-8B26-8CE143901D5D,Detective Generation,Action/Adventure,PG,130,11-28-2017
AB8ED7E1-41F6-42AF-A4BE-8CE658092C5A,Data of Forest,Action/Adventure,R,149,01-02-2018
9EB93A42-2CB4-410A-8ED1-8D7A60D15953,The Mysterious Journey,Romance,R,97,11-21-2017
2927E0EE-2CFC-4730-AFF0-8D7AB922A96D,The Real Kitchen,Comedy,PG,125,04-10-2018
F8B2EB14-C4FB-47FE-9255-8DD1D3B7F43A,Adventure of Detective,Action/Adventure,PG,143,10-24-2017
7A0DD860-0080-495A-A339-8E328B198B24,The Hand of Adventure,Romance,R,96,04-03-2018
A7AEA5F5-8238-4AAE-B2A8-8EA9BA0DF0F4,Robot Card,Romance,PG-13,92,03-06-2018
2C9749F3-A58D-42C2-86DC-8EC8C822FBAD,Social Adventure,Family,PG,72,12-19-2017
147E4C57-6F55-45DE-9637-8F9D62B7F22D,Spark Pizza,Science Fiction,PG,143,09-05-2017
C5B57FE6-A033-41C3-9542-8FA15AE51AAD,Burning Thread,Family,G,103,11-07-2017
99B2AD28-7DDE-45C7-8A3E-8FA25B8E77BB,The True Destiny,Family,G,72,10-24-2017
4A4E7291-2377-4AA2-9D82-8FD9E063FBD0,Forest Stream,Science Fiction,R,153,01-09-2018
C36D3485-6793-4B38-ACA7-9023289C326A,Furious Joy,Science Fiction,PG,169,01-24-2017
E081C915-881E-4EAF-9B39-9026BDC81863,Destiny Factory,Romance,R,109,02-27-2018
046693C1-8EC6-4DFC-AE2B-9085C5F66EDF,Strong Cube,Action/Adventure,PG,116,06-13-2017
F3FD813E-A4A4-4EA3-8B24-908DAD38C909,The Clear Cluster,Family,PG,101,05-02-2017
6A3F12A4-6AE1-4ED9-A196-90A5184A7296,Garden of Forest,Comedy,R,84,09-19-2017
3C3EA493-39E8-4E45-9585-9121554FFBE6,Magic of Forest,Romance,R,85,05-16-2017
6EBE0318-CA42-474B-99D8-913627D14FAC,Engine of Extraction,Action/Adventure,R,136,03-21-2017
C7C88E6E-9818-4F25-A5A2-913D76BC1AFE,The Social Extraction,Family,PG,86,01-02-2018
15F71768-AA46-40B2-9F1D-918250D10F1D,Cluster of Extraction,Science Fiction,R,155,10-24-2017
05A7A461-96CF-480F-B8FF-91B3C51C780C,Space Pirate,Romance,R,88,08-29-2017
752A6AC2-744E-407A-907F-9221A8084D7E,Social Stream,Comedy,R,123,05-23-2017
3566C8BF-6DFE-412F-A34C-9274AE0758DF,The Book of Intrigue,Action/Adventure,R,143,05-22-2018
C4A1ADE1-1F3E-4739-BFC2-92D66A69262A,Furious Ring,Comedy,PG,124,01-17-2017
E489023E-E9FC-4C76-BBAF-92F22689CBAA,Magic of Card,Action/Adventure,R,140,01-24-2017
F3CB73D2-5E48-4BBE-B4AD-9353C60667E0,Extraction of Detective,Action/Adventure,R,151,03-07-2017
99614CCF-29FC-4660-987D-93F961E01D7B,Real Cluster,Comedy,R,105,11-28-2017
934BF877-6BE0-42C2-91FC-946F47DE0B32,Fate of Kitchen,Comedy,R,99,02-13-2018
9A771B27-F726-4050-8E2A-9475B07ECBD0,The Chilling Card,Action/Adventure,R,146,01-30-2018
CF809312-F7BB-4816-AF9E-94C822FE70D5,Random Adventure,Comedy,R,90,01-17-2017
E2BF260D-439C-4434-9C30-94DFC090D4E1,The International Generation,Romance,PG-13,92,01-23-2018
4FEE778C-7450-4FD3-9BEE-94FDF18F9BC8,Pirate Pizza,Family,PG,106,08-29-2017
E945BADE-5C11-466C-B457-950D8C882BCF,The Generated Cube,Science Fiction,R,156,06-19-2018
35D55902-5F9D-49E1-880C-9520437E2B98,Warehouse of Trek,Romance,R,107,02-27-2018
1E9F31D4-826F-42DA-A680-957B016A82A4,Data of Magic,Comedy,PG,119,05-23-2017
9CE44A98-767D-4F08-80ED-959085E0FB4B,The Space Destiny,Comedy,R,94,04-17-2018
5BF66740-4C99-4F0B-B39C-95914FAE3825,Random Stream,Comedy,PG,100,02-27-2018
D24DA854-E818-410F-BE02-95FA0EB37780,Important Robot,Action/Adventure,R,109,12-19-2017
B85DB487-8BD6-4E54-9E85-95FB9F93F1A1,The Robotic Generation,Family,PG,104,02-27-2018
8F307EAD-DE93-43F3-BEC2-968C78762B70,The Nautical Forest,Family,PG,75,10-03-2017
8F237A58-D056-4FA1-AB75-96A6D62C8E67,Lake of Card,Comedy,R,102,11-28-2017
3066F103-C0F3-4BE2-892A-96B5C37458AA,The Robotic Cube,Family,PG,77,01-31-2017
51A8E9E7-63DD-49ED-A861-96CD592B0F68,Burning Data,Action/Adventure,PG,106,11-21-2017
83C28343-9FBD-4F3C-B081-96E06914E3D5,Social Brick,Romance,PG-13,104,08-01-2017
72704DEE-BDE7-4213-8E5C-9704ECF7EC34,Chilling Peak,Action/Adventure,PG,123,01-02-2018
6E8711B7-58D3-484E-947B-973247A21AE1,Western Robot,Action/Adventure,R,110,07-11-2017
3F009C44-A752-4A4E-82D6-97E865BB04D3,Destiny of Pirate,Science Fiction,R,187,12-12-2017
336EDAD6-374E-4E2E-B3DD-98F6F61ECC6D,Space Stream,Action/Adventure,R,120,02-06-2018
4A79033E-0E59-46C3-977A-9956E764342B,Card Garden,Comedy,R,121,01-31-2017
307BFAFE-9C60-4B3B-8D1D-9965638F7B19,The Robotic Extraction,Comedy,R,110,12-12-2017
7EE5BED5-AED3-417D-81A3-998193365C18,Brick Forest,Romance,R,92,05-23-2017
9AEE4C51-A3BF-4E49-94E6-999E0509BEDB,Pizza Brick,Romance,R,93,06-12-2018
6DF9AA2B-3AF6-40B3-A277-9A454C8ADB21,Flying Scream,Family,G,81,02-28-2017
77CA1BA3-4449-4D37-B6E2-9A5781B88C5F,Western Forest,Science Fiction,PG,170,09-12-2017
D19FD13D-8984-463A-BC94-9A58725CAC8B,The Old Lake,Family,PG-13,93,06-13-2017
2F1BF35F-FB3F-4DFB-8D9E-9A96EA4DB7A8,Warehouse Garden,Science Fiction,PG-13,174,02-21-2017
FA92C8E9-63DF-4C28-822D-9ACAFD5D8E87,The Frozen Brick,Science Fiction,PG-13,136,01-30-2018
C418E437-BE73-4CEF-804C-9AE9DFA12149,Major Spark,Romance,PG,91,03-13-2018
164AF4C3-F8D2-4763-B9CC-9B09A086C12B,The Great Spark,Science Fiction,PG-13,151,10-10-2017
4DAC3733-DF70-4D4D-8589-9BD2869E62C2,The Space Pirate,Action/Adventure,R,100,09-05-2017
6189C68F-FF2C-4BFC-ACEA-9C0A99E48577,The Happy Data,Comedy,PG,89,06-06-2017
66673CD1-4669-4F0F-8383-9C28B0DE9F6A,Major Garden,Action/Adventure,R,122,06-12-2018
43DBD351-6321-41BC-AFDF-9C640D72BAC0,The Frozen Spark,Action/Adventure,R,153,01-23-2018
0BCD7482-76A5-4E21-93FD-9C820BC851E7,Detective Pizza,Science Fiction,PG,177,02-27-2018
B792A46F-B1DB-4DBD-9888-9CED269208D1,Burning Spark,Science Fiction,PG,182,12-05-2017
D9A8DE8F-8799-4B42-AB81-9CFB6C2C9B48,Pirate Garden,Comedy,PG,114,05-22-2018
D956B45E-58A9-4B90-9D73-9D3C06CCDABE,Sure Data,Action/Adventure,R,128,01-31-2017
FF5BD5D0-A3B7-4B41-9859-9D6EDDD7EBD7,Extraction of Forest,Romance,PG-13,102,01-30-2018
5B7D9104-94F3-4547-A353-9D82A44F84B6,The Fantastic Lake,Family,PG-13,95,01-17-2017
5215AFCC-100E-4BD6-AE89-9E0FF7EF7C71,Engine of Data,Comedy,R,121,05-29-2018
5D09A9AF-57A8-42C7-AB0C-9E5028FEE517,Clear Adventure,Science Fiction,PG-13,123,05-30-2017
E1293C34-AD95-4EF6-A29F-9ED4CFB9F578,Joyous Adventure,Romance,PG-13,86,04-10-2018
39BA4DEC-9E99-4CAA-A4C5-9EF9CB865D5D,Trek Intrigue,Comedy,PG,94,12-19-2017
DC96794F-A22D-4A2F-84DC-9F8CC9E7B885,Adventure of Generation,Romance,R,94,06-06-2017
30A06478-913C-48EC-9377-9FA7DB6D630F,Adventure of Pirate,Romance,R,92,10-10-2017
B25593E9-F2F8-4256-9A78-A00C0724371B,Intrigue Spark,Comedy,R,115,11-21-2017
24D6FA28-AF42-4BD6-8FAB-A03EAEE4BA14,Pirate of Factory,Comedy,R,100,07-25-2017
1C048A1D-4A36-4B3A-ABE9-A064B584A713,Furious Flight,Romance,R,88,02-14-2017
058A1BA9-3CDD-4A4A-8C23-A064EE652A18,Trek Cube,Romance,R,95,11-07-2017
823C2556-B01D-49D1-A443-A08C1517501F,Lake Pizza,Comedy,PG,85,03-28-2017
11D16910-ED68-4A97-A94A-A091413F55F0,Fantastic Cube,Romance,PG-13,94,10-17-2017
9BE79F12-516D-47BF-BD3E-A0C7F3EABC76,Different Brick,Family,PG,106,03-20-2018
191729F0-7AEC-42D0-A326-A1983D1C0D5C,Journey Fate,Action/Adventure,PG,156,05-23-2017
5EB0CE12-E4F7-4BBC-AAB4-A2269135B199,Kitchen Journey,Science Fiction,R,138,05-02-2017
F9FE3132-F7FB-406A-8F9B-A2314716DCDC,Major Fate,Action/Adventure,R,149,01-03-2017
D502667D-5564-4642-A6A7-A24CC3BDD95F,Free Garden,Romance,R,92,05-09-2017
0F7C335D-45F0-4417-A308-A262DD5EAE5C,Brick Pirate,Romance,PG,96,02-14-2017
A486DB18-BC77-46CD-B225-A2BDB02CEA5A,Warehouse of Factory,Romance,PG-13,88,07-18-2017
8F6C89A0-A594-4649-98BB-A2CADF51EFB1,The True Pizza,Romance,R,106,06-27-2017
49968963-A44A-4D3E-AB65-A2CE110A4B78,The Old Warehouse,Science Fiction,PG-13,153,06-20-2017
82AA3186-FB68-456E-B5C5-A2F0CEE48FAC,Western War,Romance,R,91,08-01-2017
F6BD3CF6-FD3A-4A25-B6AC-A30698049E68,The Generated Forest,Family,G,104,06-12-2018
0304FFC2-ADCC-4CCC-BBFD-A33CC59734D8,Detective of Intrigue,Family,PG,98,06-19-2018
E1BEBCAD-813F-42C0-9652-A3AAE889D67B,The Western Kitchen,Science Fiction,PG,130,12-26-2017
3689B55D-AB67-4C9F-AD39-A3B81634A1FA,Mysterious Dogs,Comedy,R,126,03-21-2017
31A4A798-BC8E-4B8E-8DD3-A3CD608D7308,Certain Fate,Science Fiction,PG-13,133,12-19-2017
EB0A808B-D200-4E4D-B1D8-A3CDD0CD1E1A,International Lake,Romance,PG-13,95,03-06-2018
1704FC36-4B81-4B6F-B883-A3EDEA60ED66,Random Cluster,Romance,PG-13,89,01-10-2017
98D68226-BF33-4406-A04E-A3F1DAED3D96,The Random Intrigue,Family,PG,83,04-10-2018
E9F66744-5C91-40D5-8D1D-A453BD9D3D32,Trek of Pizza,Science Fiction,PG-13,182,10-24-2017
6C9DCD7B-A42F-4E08-A3C7-A4597BFAB764,Lake of Generation,Romance,R,90,06-20-2017
0DE1816E-4134-4157-AC9A-A4667EFC05C1,Extraction Pirate,Romance,PG,105,01-02-2018
A01A067D-D855-47CB-A243-A48551F3792F,The Joyous Cube,Family,PG,86,12-05-2017
CF816596-3C7F-4ED2-A964-A491CC1BC107,The Free Magic,Science Fiction,R,123,06-26-2018
2E477792-BA87-44F2-928B-A4CB6F3532B4,The Burning Detective,Comedy,PG,113,10-24-2017
98E26713-B934-4DD5-836F-A505304DFE62,Cube of Pizza,Family,G,94,08-08-2017
16825C0F-1A25-445F-8684-A5271F221D0B,Warehouse of Card,Science Fiction,PG-13,159,08-08-2017
4A66B970-5FF0-40FA-A011-A5FF5EBF2B7C,Extraction Stream,Comedy,R,87,01-03-2017
0FEB643E-16C6-4475-8D1B-A64F187A2BD8,The Real Stream,Comedy,R,103,10-24-2017
99DC4AE9-9443-4F7E-AE28-A662023A7AC4,The Robotic Adventure,Science Fiction,PG-13,137,11-28-2017
223E3AEA-8A2A-4550-ADD8-A695259AB19F,Magical Chime,Romance,R,109,02-14-2017
0F4DE4E3-E2AE-447E-B151-A697DEE46D95,The Great Kitchen,Romance,R,108,05-02-2017
CA1459D7-47EF-4C2F-BD60-A6DC9FD53A24,Brick of Adventure,Comedy,R,110,06-06-2017
FFDDB212-953A-49A0-987F-A6E4BF6D523A,Journey Data,Family,PG,81,11-14-2017
95991C35-4EAB-443F-BEF0-A7C6ED5B8E69,Great Forest,Comedy,R,123,12-26-2017
41553D19-6FA2-421F-862E-A832DF6404AE,The Hand of Intrigue,Romance,R,99,05-23-2017
4C360593-FFA9-431B-980B-A84EEABA0C9C,Magical Case,Science Fiction,PG-13,160,02-27-2018
541357DC-15C1-4043-9100-A8890C3D00A7,Journey of Robot,Action/Adventure,R,146,11-28-2017
E4508913-0E5C-43C6-8B07-A8A1630929B5,Kitchen Pirate,Romance,PG-13,103,05-29-2018
2C83A7FB-2AF8-45F9-B267-A8BE6A8CEE82,Warehouse Data,Family,PG,73,06-06-2017
03C61FF8-9365-4245-B91F-A8C37E44102B,The Best Destiny,Comedy,PG,124,06-26-2018
2D877106-16C3-472A-B683-A94852E72CB9,Happy Dogs,Romance,R,104,05-08-2018
D4A97072-77DC-4578-B3EE-A95F2B34E7A0,Strong Lake,Comedy,PG,119,01-09-2018
4344A0D7-5E39-4220-BACC-A996F5B51741,The Magical Forest,Family,G,108,01-24-2017
28BACC13-1361-43B5-96C8-A9DF90575808,Cube Magic,Comedy,PG,108,04-10-2018
E1472251-44D3-4350-B319-AA426C910D0D,Blazing House,Science Fiction,R,127,05-29-2018
3727CC00-EA6E-47BB-A4B2-AA7B723A3AD2,Robot Engine,Action/Adventure,PG,142,10-31-2017
30585921-1B41-4401-B763-AAC15ADAD0E0,Garden Card,Romance,R,99,03-21-2017
ACF07F2D-CBDC-452F-89D1-AB0455DD0B71,Mysterious Data,Science Fiction,R,183,07-11-2017
14141160-A89E-414F-8CAB-AB0BC33907B1,The New Destiny,Comedy,PG,113,03-06-2018
9892E7D0-C8CE-4002-B7EC-AB0D25DF213E,The Mysterious Cluster,Action/Adventure,R,147,05-01-2018
CC40EEED-8ACA-4D63-8D3B-AB3CEA70CCFE,The Robotic Brick,Comedy,R,95,03-27-2018
F5D4ADB6-49FB-410F-8D81-AB4B03159D35,The Local Cube,Romance,PG,89,12-05-2017
33733FBC-1E80-4FD3-AEAD-AB9CDEF27876,The Cube of Adventure,Romance,PG-13,97,01-23-2018
2D9DED40-29D5-4550-B41A-ABD834A9C8C5,Space Magic,Family,PG,89,09-05-2017
6DA76F49-7663-4FA8-B4CD-AC624DC82DC3,Data of Card,Action/Adventure,R,146,09-12-2017
B12034B8-92B3-46A6-920C-AC71726630A9,Pizza of Pizza,Romance,PG-13,90,03-21-2017
6DE5F892-C387-41B8-A979-ACAD6DF15698,Nautical Engine,Family,G,88,03-27-2018
8E3301F6-E79C-456E-A0DE-ACE82E4EF6C8,New Spark,Family,PG,76,12-12-2017
374094F3-8289-4675-B796-AD0C5AFBC791,Strong Brick,Family,G,78,09-19-2017
635973F7-A4F7-4677-8968-AD33EA4A2F35,The Flying Extraction,Romance,R,92,05-22-2018
3F381BC4-CDE4-461B-A1EB-AD33F726B778,Fate of Journey,Family,PG,105,04-25-2017
FA4608E1-DA7E-4321-A9D0-AD497D82C555,Flying Pizza,Science Fiction,PG-13,116,03-07-2017
C3924BC8-3974-4067-A79E-ADE29860FA3A,Generated Journey,Comedy,PG,121,08-22-2017
86EFBE5D-A44D-47AB-8C91-AE2F813A779A,The Clear Card,Science Fiction,R,127,11-14-2017
720FDD98-2F77-4910-AAB6-AE3D67A6CC12,Fate Adventure,Comedy,PG,121,01-30-2018
CD868A1E-8AFE-48DB-8D9F-AE8A8D0B8A4B,New Cluster,Comedy,PG,103,06-26-2018
72549985-D05B-4AF6-B075-AE8EA6A0FF01,The Important Data,Romance,PG-13,101,01-09-2018
FC8E36F8-89FD-440C-B68E-AE9490E14EA8,Strong Cluster,Romance,PG,85,04-17-2018
2744BCBF-5D72-487C-8683-AEE545D04D31,Engine Magic,Comedy,PG,96,01-30-2018
0C3429F3-DDD7-4C67-9CBA-AEFC7F5D3CA4,Forest Pizza,Family,PG-13,99,12-05-2017
8CE9012E-0B6E-44D9-8171-AF22889F0313,Pirate of Cube,Romance,PG,100,02-27-2018
E179806D-5ECC-4DF2-AB5A-AF655588ECBD,The Major Brick,Science Fiction,PG-13,186,08-15-2017
67BFF96A-E21A-448C-AD2A-AF74E795696D,Kitchen Engine,Family,PG,101,03-13-2018
4784C336-A179-4BE7-AB84-AFB11DABBD52,The Strong Pirate,Action/Adventure,PG,107,03-20-2018
329968DF-38A9-4FC3-A557-AFC197DFDA8D,Stream of Warehouse,Science Fiction,PG-13,116,05-22-2018
6631B0A5-5645-4045-8F55-AFC47843921D,The House of Fate,Family,G,84,01-30-2018
5A61686F-8E70-452C-B591-B038FF757382,Pizza Spark,Romance,PG-13,92,03-06-2018
633039D7-3982-4EFF-83F4-B091A3314A97,Intrigue of Factory,Science Fiction,PG,151,04-17-2018
7FB27286-9B58-410B-A792-B09821AFFEFF,Magic Intrigue,Romance,R,86,01-16-2018
E973C88A-DCB6-4DDF-B587-B0C453B3EB86,Space Kitchen,Romance,R,105,06-12-2018
F9632512-4E4D-4F2E-A87B-B0DFB2B90761,Factory of Data,Romance,R,93,06-19-2018
165821CA-A049-4003-B12C-B0F7E635C015,Burning Extraction,Romance,PG-13,100,05-22-2018
ECD85033-536C-49E2-B22B-B11C151EBFDC,The Local Fate,Family,PG,87,08-08-2017
FF2D316D-A7D5-406C-AC3A-B1206F06E0B5,Mysterious Ring,Science Fiction,PG-13,145,02-06-2018
B2F6D30D-9986-46C3-885F-B1840552818F,Adventure Warehouse,Family,PG,99,12-26-2017
A1C12196-26DF-40AC-9623-B1C4E07D1BCC,Journey of Trek,Comedy,PG,110,01-02-2018
D61F59F2-FD66-4E75-A2FD-B1E20A99BCBF,Forest Stream,Action/Adventure,PG,122,09-26-2017
C3B842B1-5B64-4CEA-896E-B1E22B23FB95,Fantastic Forest,Comedy,R,122,06-06-2017
5B708B96-B307-43D7-B58E-B1FCCE718FC3,Pirate of Card,Science Fiction,R,116,06-26-2018
9EA8848F-643B-4EAC-8B9A-B20F7AA80835,Different Trek,Family,G,106,01-16-2018
46F7D065-54FC-430C-9B31-B270BE0A9435,Fantastic Intrigue,Comedy,PG,116,04-24-2018
5A5B1B2E-166A-4698-83B9-B27545AEA0A4,Random Extraction,Action/Adventure,PG,158,01-09-2018
766AB4CA-8803-4C8B-9138-B30DDA929DE0,Old Robot,Romance,PG-13,85,12-12-2017
DC1EFAA8-B3B8-4ABD-872F-B3594A9C627B,Flying Cluster,Romance,R,104,04-25-2017
61E0DB29-7D9E-47A3-849C-B361F56FC737,Magic Data,Romance,R,106,02-21-2017
28A4508C-B175-403C-8B29-B3813F8B7308,The Mysterious Forest,Comedy,PG,129,03-27-2018
E957BCB6-DB3A-4AFA-8ED2-B394BEADB69F,Space Thread,Action/Adventure,PG,112,01-02-2018
02ABBFA0-3183-4B7E-919B-B3977D1AED8F,Kitchen of Intrigue,Science Fiction,PG-13,158,01-16-2018
8792054F-548D-4EE9-9E8D-B402D9BBB40C,Special Cube,Action/Adventure,PG,120,06-13-2017
5380EE6A-45F3-4E7D-AEF4-B44D43F20C11,Major Kitchen,Family,PG,106,06-19-2018
0C1A90B3-66A6-49CA-A4AE-B49CBEE70137,Engine of Magic,Action/Adventure,R,117,01-30-2018
72C57988-D98B-4227-B58C-B4A09F86979B,Old Data,Romance,PG,105,01-17-2017
765FE721-13DB-48FB-A201-B4A65EFF206F,Engine of Lake,Romance,PG,94,10-31-2017
9A6E4E39-917B-4898-99D9-B4C678587D86,The Cave of Adventure,Comedy,R,88,09-26-2017
2CB18F30-C132-4802-A006-B4EF81D12A7C,Space Thread,Comedy,R,116,04-24-2018
F2E60673-E58E-4A24-B5C1-B5A304E037B3,Magical Brick,Family,PG,83,04-17-2018
21C2F2F2-9877-494A-9DC4-B61C2149E56C,Pirate Brick,Action/Adventure,R,123,10-17-2017
87834981-A31A-479F-9D05-B65983C89744,Space Magic,Family,G,78,03-20-2018
228B8EF3-EC0A-471B-9D1C-B67728C8553E,Frozen Kitchen,Comedy,R,113,07-04-2017
29959A2F-10AE-443B-B379-B679776A2571,The Frozen Card,Romance,R,101,03-13-2018
50D806E3-1370-4B55-9ADB-B6C1C1844577,Flying Extraction,Family,PG-13,74,03-28-2017
55855230-F589-4FF2-9AF8-B6E364BB76BA,Robot Hunger,Family,PG,84,12-12-2017
15B30BB1-E7C4-4DA2-83F9-B808B8B0181A,The Magical Pizza,Romance,R,97,12-19-2017
23820D86-E5BD-4FE2-8CA7-B81AE59C1D22,Engine Adventure,Romance,PG-13,85,12-12-2017
E47B2C92-2D71-4FEC-B679-B84DE5BD1ABC,Pizza of Intrigue,Family,PG,93,06-27-2017
F7B98CDA-B4D7-459B-9880-B855B6C32AA4,The Strong Magic,Science Fiction,PG-13,154,06-13-2017
4CD1A03B-E47C-4802-A682-B85E0F5A4EA0,Nautical Brick,Comedy,R,123,01-16-2018
87DEDB94-E978-4509-97A4-B87120C845C3,The Happy Detective,Science Fiction,R,126,05-23-2017
286CDE96-3741-457F-9732-B89600D4CF08,Sure Detective,Action/Adventure,R,145,05-01-2018
20DDF142-2F77-4D35-B4F6-B8B1A3A8F962,Destiny of Trek,Comedy,PG,125,04-17-2018
54E93370-F509-4939-B95E-B8C5A5550BCD,The Nautical Garden,Science Fiction,PG-13,175,04-24-2018
5CAEC192-2AA7-420A-B55B-B8D12F5CEAE9,The True Magic,Family,PG-13,103,09-12-2017
49720E41-AF2A-441F-A79F-B8E0A8812FFD,The Case of War,Comedy,R,118,07-11-2017
4EF74718-DDCF-412D-B435-B8FC674F08CF,Joyous Magic,Action/Adventure,PG,132,05-23-2017
2019C539-DBF1-4E6D-912B-B99EDB9C1765,Brick of Robot,Science Fiction,PG-13,111,05-02-2017
DE40CF8C-06CE-42B6-9505-B9AB3C9DB404,Robotic Stream,Comedy,R,94,04-17-2018
D2B970C1-4A51-47C9-A440-B9FF7F7CC61E,Engine Fate,Romance,R,89,02-14-2017
5CE9E8DF-04A7-45F5-A608-BA1AAF5226BC,Frozen Warehouse,Romance,PG,100,08-22-2017
316892A0-ED52-4C2F-A504-BA4EF4B16992,The Frozen Stream,Science Fiction,PG-13,121,11-07-2017
B943AB3D-6F94-4BE4-A757-BA95BB8180F9,Mysterious Adventure,Action/Adventure,PG,139,01-17-2017
F8718447-40F5-468B-9C8D-BAC272B0FC43,Factory Kitchen,Family,PG,73,01-03-2017
7DC2DE0B-C1B7-40AB-A05E-BAC5704BFDA5,Intrigue Robot,Comedy,R,127,02-20-2018
DA32CFEB-6F15-4516-B85E-BB329726A873,Extraction of Factory,Romance,R,91,03-20-2018
CD80554B-63F7-4741-B6D7-BBBE4108F56D,Brick Intrigue,Science Fiction,R,144,10-03-2017
EDFB66E9-5C7B-4AD2-ACAF-BBEA8BC65107,Fantastic Garden,Romance,PG-13,86,02-20-2018
49707BD7-5C63-46F2-9AF7-BC14D5C5D12B,The Joyous Cube,Science Fiction,R,180,02-21-2017
87FF75AB-5F15-42B2-9E7D-BC23D05ABAFB,The Certain Card,Science Fiction,R,171,06-12-2018
2B4AE513-F28A-4563-9328-BD1184959BBF,The Robotic Data,Comedy,PG,102,03-14-2017
FFA34782-1C6E-4707-A5F6-BDA018F38BCE,Intrigue of Data,Comedy,R,98,08-08-2017
DDFC2B11-C5B5-4C4F-849B-BDB1E1DAF74F,Generated Adventure,Comedy,R,84,12-19-2017
39E668C6-C2B0-468A-B027-BE6EA5DB9B84,New Journey,Family,PG,81,09-12-2017
5C6E3E4F-15C3-4CD2-83EC-BE94DFB0B3FE,The Free Warehouse,Science Fiction,PG,189,04-18-2017
69E7039C-F946-4756-941E-BEAACEBBB18A,The Great Lake,Comedy,PG,90,12-05-2017
89617D28-5897-4C91-A783-BECEB371FDF6,Robot of Kitchen,Romance,PG-13,96,06-13-2017
B8F7D146-B3F1-4FC0-9DE9-BF2FAE10D391,Happy Extraction,Family,PG,84,01-23-2018
A1917CEB-15F7-4EE8-9862-BF5C2012B201,The Flying Fate,Romance,PG,98,04-03-2018
1F42CEE9-3395-4BC4-950D-BF933FA07F85,Fantastic Card,Family,PG,106,05-01-2018
7D301D49-38B5-4115-A9D3-BFA34720BEDD,Factory of Brick,Family,PG,95,02-13-2018
34F970ED-FFC0-4573-9CF4-C024EC999449,Great Card,Science Fiction,R,160,03-21-2017
19499F51-A38D-4F3B-8B39-C0399CF61639,Factory Brick,Family,PG,83,10-10-2017
A6A76249-BD5E-4745-BCBD-C056F23911C7,True Generation,Science Fiction,PG-13,154,05-15-2018
0A4089AF-C70A-48B3-B64D-C05E72287AEC,Robot of Destiny,Family,PG,73,11-21-2017
1ECC0D29-1280-4525-8D1B-C0A39655AD71,Flying Brick,Family,PG,91,08-08-2017
254D4593-7010-4A9B-BB57-C0B941FD3090,The Western Cluster,Comedy,R,104,04-25-2017
5D490CE8-2900-4327-B846-C0CFA31D69BF,Journey Extraction,Romance,PG-13,107,01-16-2018
70891C8B-D242-430B-92E8-C105667D789C,The Flying Kitchen,Romance,R,89,01-23-2018
C02958DC-137C-421D-B3C5-C1C6790619E2,Mysterious Generation,Comedy,PG,129,03-07-2017
CE9A8E84-5B19-4FF0-8FB5-C21C76387E38,The Different Warehouse,Science Fiction,R,181,01-31-2017
DA505210-5CC8-4B4E-99A0-C288D2A0A17B,Garden of Lake,Action/Adventure,R,129,06-26-2018
944F7618-2DB1-410F-8FBC-C29E983B306D,Garden Garden,Action/Adventure,R,127,05-23-2017
5E7D86D3-C084-4FE8-A241-C2A8D9C4BBAB,The Chilling Factory,Comedy,PG,88,03-13-2018
D1896DDA-16DE-40D6-9ADB-C2EC2984CBD0,The Dogs of Ice,Romance,R,96,04-17-2018
1DE30079-F8A3-4F95-9DD4-C32E624CF5EA,The Certain Cube,Action/Adventure,R,150,02-13-2018
490020D3-DE4A-421C-9912-C3C439B1E2E8,Warehouse Warehouse,Romance,PG,104,11-28-2017
94304190-453C-44CC-8A71-C45EBA06B08B,Intrigue Stream,Romance,PG,94,04-25-2017
88C3C003-E301-4E76-809B-C48E384EFE67,The Free Journey,Comedy,PG,107,05-08-2018
F1089B7A-568C-4D06-832E-C49177ED2337,Lake Generation,Family,PG-13,92,09-26-2017
3775EF67-B321-49F4-A151-C49828D1C0BE,Spark Cluster,Comedy,PG,81,11-14-2017
80445026-6626-49BC-A3DA-C4A074DF93E5,Magic of Destiny,Family,G,99,06-19-2018
C397B9F5-BE84-4583-BBDB-C4F6FC5CCB0E,Generation Forest,Science Fiction,R,169,10-24-2017
C61DE1AD-4051-4DA9-8CFF-C545F9B4960F,Important Pirate,Romance,R,101,06-20-2017
B7F4A38A-66A5-4552-9A04-C54A052A35CA,Great Adventure,Family,PG,75,05-29-2018
C3F81F46-CD61-4A08-A91E-C63162B9150D,Strong Extraction,Romance,R,95,05-16-2017
36410910-206F-47B5-BDF1-C65D975832A4,Robot of Garden,Family,PG,105,03-13-2018
0C5DCE7A-C050-448B-9CB6-C6CA11E97FF1,Card of Robot,Comedy,R,95,02-06-2018
9A7C5C36-FD5F-4CD8-BB25-C6F0074B3F83,Major Extraction,Family,PG,79,07-18-2017
723A9724-6FF8-4989-8295-C7D78BC1F439,Major Detective,Action/Adventure,PG,138,02-28-2017
A3FD3829-C91A-4101-9E01-C835F24E0B6C,The Flying Data,Family,PG,77,03-06-2018
2C388933-7756-4C44-8876-C83FAD7DCC1D,The Flying Garden,Romance,PG-13,107,12-05-2017
BCCFDB1E-0CA8-4816-891D-C85E44517DDD,Magic of Extraction,Comedy,PG,81,06-27-2017
033C964C-3D85-4212-9717-C8E014E94072,Burning Ice,Comedy,R,82,01-31-2017
FA339ADA-6186-48B4-844A-C922B46E08E1,Detective of Data,Action/Adventure,PG,122,01-09-2018
5F4B58EF-7ED4-4448-B2DA-C9CB84F30458,Joyous Extraction,Comedy,PG,104,10-03-2017
29628702-9C99-4252-AFBC-C9DBEE9195E2,Card of Destiny,Action/Adventure,R,108,06-27-2017
4132F6FF-7CA2-4F12-B6FD-CA592CACFD1D,Flying Dogs,Comedy,R,100,01-24-2017
62B38B49-68A5-4B34-B52F-CA67A7FDD33A,Pizza of Spark,Action/Adventure,R,139,05-02-2017
AC9F5C98-5F65-49C6-B854-CA9302198155,Journey Data,Romance,R,99,12-12-2017
34D75545-6AE3-4622-B806-CA98241F3504,Stream of Extraction,Action/Adventure,R,134,03-28-2017
731EF5EC-6224-4F43-A3D7-CAD9124B4E5B,Extraction Cube,Action/Adventure,PG,129,08-22-2017
4A91374A-F8EF-4977-8610-CB0E07BF85B0,Card Engine,Science Fiction,PG-13,131,05-29-2018
2FED27D1-E6BA-4502-B217-CB9FE4959727,Stream of Journey,Comedy,R,95,10-03-2017
60190BE0-06E1-43D0-87E4-CBA7897FD260,Pizza Data,Science Fiction,PG-13,162,09-19-2017
44624596-0F22-4397-B836-CC8C6DC7277E,The Nautical Fate,Comedy,R,114,05-15-2018
695ACCBC-1C38-458C-9C06-CC9405538504,Fantastic Kitchen,Comedy,R,81,05-08-2018
FF387B42-686B-4D00-BA45-CCF087E81E2A,Pizza Stream,Comedy,R,112,05-22-2018
3B1A6371-D1F2-43D4-954E-CCFC09346399,Frozen Chime,Romance,R,93,11-07-2017
616AEFE0-D100-449A-9480-CD0E237BB066,Extraction Spark,Comedy,PG,113,02-27-2018
53B2600F-A6F2-4D52-8A93-CD10083743F3,Factory of Magic,Action/Adventure,PG,153,05-02-2017
9FD7B0B7-CF1A-431D-9B15-CD176F956307,The Random Kitchen,Family,PG,102,09-19-2017
36867691-91BB-4423-93B2-CD1BECA922A6,The Chilling Brick,Action/Adventure,R,119,07-18-2017
87F382C5-CA2D-47BC-B76E-CD1F56FF6980,The Sure Intrigue,Science Fiction,PG-13,143,05-08-2018
59F5F9C2-F06F-4A32-8E0A-CD6E1A42FB96,The Nautical Fate,Comedy,PG,110,06-19-2018
D2885F64-E4EC-4933-A8BB-CD785F2A01BD,Garden Detective,Action/Adventure,R,126,10-17-2017
2A8B8917-EADB-4B32-A727-CDA47154FE88,Lake Garden,Family,PG,101,04-03-2018
5CB25C80-D020-4AF8-AB20-CE05920F6431,The Frozen Cluster,Comedy,PG,122,06-13-2017
B5E5A6C1-14E9-4230-A0F6-CE30CC8C7FF1,The Joyous Robot,Comedy,PG,90,11-07-2017
D798D7B3-A120-4FA0-9601-CE83E4517D46,Sure Detective,Comedy,R,106,03-20-2018
7B153DF0-0E5F-4B3E-BCD3-CEDAEB1F4E93,The Forest of Destiny,Romance,PG-13,85,03-07-2017
F4AD834C-078E-4A8D-89FF-CEDC105A8DAD,Flying Kitchen,Family,G,75,01-24-2017
B6AEAD5F-B684-4DA9-A56C-CF51991E5ABD,The Important Data,Comedy,PG,129,09-19-2017
83DC41A1-D02A-43D0-9428-CF7B0371EF6D,Garden of Detective,Romance,PG-13,93,04-18-2017
C32B1B4E-1ED8-4072-A69C-CFADCAC77F55,Spark of Card,Romance,R,104,04-04-2017
BC9252FF-CB55-4407-96F2-CFD66FC9D200,The Important Generation,Romance,PG-13,97,10-31-2017
421929F7-ACC1-4617-8E2F-CFDB7F756135,Major Generation,Action/Adventure,R,158,10-03-2017
D289494F-84B2-4B51-8688-CFE96E322CA3,Destiny of Extraction,Romance,PG-13,101,01-30-2018
E3FB1F61-0361-4AE0-8242-CFEA7C69F537,Garden of Pirate,Comedy,PG,119,02-14-2017
3CD8EAFE-A332-4E4C-AB74-D08ADBE8644D,The Happy Kitchen,Action/Adventure,R,154,11-21-2017
20EC0E82-A8CC-4BEE-800C-D0903FE774F7,Card of Garden,Action/Adventure,R,139,02-20-2018
E6B58DC5-08F1-4D54-A8EA-D09338302423,Extraction of Robot,Family,G,74,02-20-2018
CCBEAECA-9287-4393-AA93-D09699F4E069,The Major Cluster,Action/Adventure,PG,136,02-14-2017
3C6421A6-403B-4F38-802A-D0D3EC730F34,The Happy Adventure,Comedy,R,104,10-10-2017
0826EE5D-26F4-4A62-AEE3-D14DDD157337,Social Intrigue,Family,PG,78,01-02-2018
19A40B40-E235-4D49-AA39-D14EEEFAC508,Card of Factory,Science Fiction,R,173,10-17-2017
DC55CADD-EA1C-4626-B3A3-D1D630E41942,Free Engine,Science Fiction,PG-13,119,06-27-2017
22501407-8029-4688-8B96-D23503E51C3A,Chilling Sorrow,Action/Adventure,R,107,12-05-2017
3BE0F70E-600F-4924-8D61-D23596CC3EF8,Chilling Flight,Comedy,R,101,04-04-2017
663FB4CA-1C6E-4EE8-A29E-D29B5833228E,Space Brick,Family,PG,85,01-02-2018
F2C140E9-4C4B-48D1-A44E-D2A66EEF06BE,International Fate,Romance,PG-13,92,02-14-2017
D05E7C5A-2488-4D8A-AE25-D2B338D78E27,Stream Lake,Action/Adventure,R,134,07-04-2017
41DE17CC-2F59-44D1-9F6D-D2C684376309,Happy Warehouse,Romance,PG,105,08-08-2017
3D362757-D482-49DD-93C3-D2E82F9D11C8,Major Brick,Romance,R,102,05-08-2018
F2F104D5-EB28-4889-BFC1-D3160A04E270,Detective Adventure,Comedy,PG,92,02-14-2017
7B1C7C61-B863-4AE1-91ED-D348AE4A9F38,The Chilling Destiny,Family,PG,84,04-18-2017
6DF4E483-ADBE-4DBE-8DE7-D363D7CE0A4E,The Important Journey,Romance,PG,97,03-21-2017
90E4A73D-9213-4955-BD96-D39BD7CAC23B,Fate Detective,Family,PG,108,06-05-2018
B87F3AC7-2CF7-47B0-924D-D3C463205018,Journey of Adventure,Comedy,R,96,08-22-2017
40F1454D-22B4-4AED-9869-D3D0AEB00AC5,Burning Sorrow,Romance,R,102,02-06-2018
0F334FF3-A9BC-4100-89DF-D3FFD1A8446E,Cube of Journey,Family,G,98,05-22-2018
9719CD09-B1E8-4D28-A754-D480C50097F7,Brick Brick,Family,PG,103,07-11-2017
BA87A9CB-2A6C-46B5-AAEF-D486E5AB44F7,Flying Warehouse,Romance,R,102,06-12-2018
2B207775-9F18-480B-9D77-D4B76A6ADA4B,Burning House,Science Fiction,PG,186,05-23-2017
A1CD59D8-3097-459E-852D-D4C26DA87E4A,Kitchen of Trek,Romance,PG,85,09-12-2017
31E7359F-780A-4D4C-AE61-D5291D3506F6,Cube Robot,Romance,PG-13,98,02-14-2017
90A1FFE3-CB81-4D8E-A8F1-D59D43034C1E,Brick of Detective,Romance,PG-13,87,01-30-2018
800AA01F-4A13-459B-8D11-D63E2E0907BF,The Dogs of Fate,Action/Adventure,PG,147,08-22-2017
D19C434D-EF34-48FE-A34A-D660FEBFBEEC,Adventure of Trek,Comedy,PG,126,06-06-2017
983F17B3-925C-47BD-AA67-D6707E0D03F5,Journey of Intrigue,Action/Adventure,R,108,02-28-2017
74DF6985-B6EC-41D3-B6A8-D670A739DFAD,Furious Thread,Family,PG,98,01-31-2017
0B1B7BF2-F003-4CEB-B547-D6A4D8F39BD1,The Great Adventure,Action/Adventure,PG,133,06-13-2017
B966DAD5-9A7D-4E64-BDAF-D6B597A82CB8,Data Cube,Action/Adventure,R,155,06-12-2018
BD70414E-F4D4-4E0B-BB46-D737D9E6A18E,Cluster Cube,Comedy,R,114,12-19-2017
3293D062-70E7-4DFA-9F7F-D83EE80808F1,The Thread of Adventure,Romance,PG-13,96,01-09-2018
9C0588E2-8DF7-4192-AF52-D877A56FF4F0,Chilling Hunger,Family,PG,95,11-14-2017
3DEB83C5-233A-4995-ABE7-D8A9985EF1F6,Warehouse of Garden,Action/Adventure,PG,147,02-06-2018
BA0A91FA-2A38-45A8-AC5D-D8D268B72E2B,The Flight of War,Comedy,R,85,09-19-2017
C92FF3E2-0A1E-4228-849B-D8FDFB252875,The Great Cluster,Family,G,98,12-05-2017
8AF4A903-FFBC-4B40-981D-D99EAFD4FB3F,The Flying Destiny,Action/Adventure,PG,158,09-26-2017
349CD41B-5C89-4A86-BBBB-DAB73C0ED1E9,Flying Joy,Romance,PG-13,105,05-30-2017
DB8FBB3C-F706-4D2E-9EE8-DAD0A1CA87F2,The Mysterious Cube,Family,PG,106,02-27-2018
CF8F12E9-FAA1-4D32-9423-DB022C3659A8,Robot Pirate,Action/Adventure,PG,113,06-13-2017
BF23B954-4A3A-4B86-B881-DB3483CA1326,Spark of Journey,Comedy,R,117,06-27-2017
9E2422A8-8B31-4463-B326-DB5350811F56,Factory of Trek,Action/Adventure,PG,123,06-12-2018
490AB248-77DB-4F3D-97CC-DB6986F66B7D,The Certain Factory,Romance,R,103,10-24-2017
04C3EF64-2138-464E-8A12-DBBA448E1489,Old Adventure,Family,G,71,04-18-2017
4789F839-CBFF-42CD-B93E-DC900B11CC0E,Robot Factory,Action/Adventure,R,147,06-27-2017
107E2731-0417-426A-AEC8-DCF8A9897CF8,Magical Spark,Action/Adventure,R,112,06-26-2018
4699218B-FF90-474C-B71B-DD0E5636DD01,Western Journey,Science Fiction,R,123,03-13-2018
D654215D-077A-4085-A8B6-DD886B163734,The Forest of Fate,Comedy,PG,107,04-10-2018
5EEB98F3-7069-4B2E-8821-DDA25B119379,Warehouse of Lake,Science Fiction,PG-13,156,06-05-2018
6B4FAB91-4207-4389-B7E7-DDAE0117AE97,The Old Trek,Romance,R,97,08-08-2017
79EFA508-C2F9-4552-9C35-DDDB45B99B40,Social Data,Romance,R,90,02-13-2018
D1CC08BD-109D-425B-962D-DE2542CC727C,Magic of Cube,Comedy,R,126,01-31-2017
8186E569-CCEE-490A-AE72-DE37D073BB74,Card of Pizza,Family,G,84,09-19-2017
75408AD9-065F-497D-82E9-DE6E4A8347DC,Random Factory,Comedy,R,127,09-12-2017
3E76804F-B7FD-4ABD-A3CA-DEDC35A8A6E0,The Best Lake,Science Fiction,R,146,05-08-2018
3315FB21-AC77-4F81-8964-DEE712707F62,Journey Destiny,Family,PG-13,78,03-28-2017
4390ADCA-CB37-4652-9EEE-DF048EAEA4B3,The Pool of Fate,Romance,PG,89,06-20-2017
0EE64E27-5B3E-49F4-901F-DF223F01E1F0,Lake Factory,Family,PG,96,03-07-2017
07809664-0F5C-4BD0-BE0B-DF50784F4D71,Fate of Cube,Science Fiction,PG,167,03-27-2018
EA073296-EB4A-4F34-8A04-DF8D808BE667,Garden Garden,Family,PG,90,10-31-2017
8D55A038-36BB-49F1-8926-E056798CBD2F,Frozen Engine,Family,PG,104,05-09-2017
4C9B91B4-C8D3-457E-9DD7-E07E646D7D0E,Best Stream,Science Fiction,R,185,04-04-2017
8DBCBAFE-D703-40B8-B85A-E19C79EB1A14,Chilling Garden,Science Fiction,PG-13,116,10-17-2017
B76B3477-8728-4DC1-9D7C-E19C8AC79A0A,Lake of Stream,Action/Adventure,R,101,05-29-2018
8A101E6B-4900-4C16-8D7A-E1B3229BF56D,The Western Pizza,Romance,R,105,01-10-2017
FE5492FD-D03A-4534-B833-E27A5BB3E23D,Pizza of Brick,Romance,R,102,08-29-2017
2CB7B313-3E06-400A-A9D8-E2ADDAD98362,The Important Kitchen,Comedy,PG,119,01-02-2018
9F8BEF81-E8E8-4A4C-B4E6-E30EB669FFE2,Cube Robot,Romance,PG,98,01-24-2017
EE7CD44F-E087-4F28-BB72-E324E1E40905,The House of Intrigue,Action/Adventure,R,130,06-13-2017
054D5B2D-F7F0-4F52-AB4A-E3A0593FD698,Trek of Journey,Comedy,PG,129,04-11-2017
6BB14674-C3BC-4C92-AD64-E3F860C3E85D,Clear Journey,Action/Adventure,R,113,07-11-2017
55D12AF2-13C0-4DE7-A0C9-E433E6A64FFF,The Special Kitchen,Family,PG,83,02-06-2018
1A08E3FF-38B6-412D-A212-E49DD709532F,Engine of Card,Action/Adventure,PG,122,12-12-2017
6AD7E8E5-AA64-47B6-BEB1-E4AE49C07C66,Sure Extraction,Action/Adventure,R,104,06-26-2018
A29008FA-6EF7-4792-8B63-E53C944341BE,Strong Magic,Action/Adventure,PG,140,02-21-2017
6EF29D38-8403-4585-8802-E557D204434E,New Cube,Science Fiction,PG-13,125,03-14-2017
61927815-C0FB-4F80-9C5B-E55F968ABF4D,Extraction of Pirate,Comedy,R,102,02-20-2018
CFB67B9A-17AB-404C-86C8-E56EF07309BC,Pirate of Pirate,Family,PG,80,07-18-2017
9976AB7D-9A7C-4971-B0AB-E5A0B4D9B3C0,Sure Pizza,Romance,R,103,07-25-2017
407495A4-D014-4C3E-B526-E67187257CE8,Destiny Forest,Comedy,R,95,05-29-2018
EF58DCEF-4887-4D73-912B-E684737508A9,Cube of Forest,Action/Adventure,R,112,05-09-2017
2032C66F-DE67-49F1-B9B8-E70B0AC1EBAF,Robot Pizza,Romance,PG,85,05-30-2017
136A9EE4-70A6-42E9-A779-E796DB7C0B00,The Certain Adventure,Comedy,R,90,04-04-2017
4B739C0E-6DD4-423B-BDC9-E7F5E927EC2C,Random Adventure,Action/Adventure,R,121,07-11-2017
56E3E09F-3926-4F87-8A99-E82F7E496D9A,Stream of Brick,Science Fiction,R,120,01-02-2018
BB66F423-5AFE-40B3-829B-E8521C9E12FB,Generation of Lake,Comedy,R,90,01-30-2018
D3E13998-6886-4A78-A0BD-E96CF427FA68,Different Magic,Romance,PG-13,96,09-19-2017
3AB4D051-A571-43F9-8495-EA05EBBDB074,The House of Ice,Action/Adventure,R,152,07-11-2017
44CAE21B-8534-47EE-98A7-EA81CC5A16AD,Chilling Spark,Romance,PG,86,11-07-2017
DB7F23D7-DE00-4DA1-9F80-EAB4FCA79913,The Case of Sorrow,Action/Adventure,R,143,06-13-2017
8FEC8334-90BC-4841-AA04-EACB4EC32B40,Real Forest,Family,PG,95,01-09-2018
4A197E83-2BCB-4EFF-B67F-EB6FE899AD55,Frozen Hunger,Romance,PG-13,102,03-07-2017
5F152E39-D71A-4CBF-98D4-EC006189AAA8,The Random Adventure,Comedy,R,114,05-09-2017
6CD14078-8164-4F97-9685-EC2426415A22,True Cube,Romance,PG,99,05-23-2017
D0526DE9-3D48-4A1A-AA02-EC353A0AB940,Strong Stream,Comedy,R,108,05-16-2017
57D7EBF1-769A-44D4-A350-EC4A92E1F10C,The Clear Pirate,Family,PG,84,10-03-2017
8E96DB59-5414-4B04-A0B8-EC5770040138,Certain Detective,Comedy,R,101,02-06-2018
62946DBA-4C2D-4E98-8E50-EC82BDB4F44C,Garden of Brick,Romance,PG,94,11-21-2017
6D98ACF0-6080-438B-AB4B-ECBC0417F27D,Factory of Forest,Romance,R,95,03-20-2018
869A979F-07AD-45D1-BD34-ED2BAB764BDD,The Happy Brick,Science Fiction,PG,171,10-17-2017
BE2E72FC-C05F-4DBA-A496-ED2FFE22A684,Kitchen Journey,Action/Adventure,PG,116,08-22-2017
12D6B9C9-CFB8-4A57-B318-ED6947C6E22C,Magical Factory,Family,G,90,04-04-2017
8879CF3B-1F90-4DFD-9A50-ED72D480668E,Cluster Garden,Comedy,PG,111,12-26-2017
3819B9E2-FAFC-4B20-81E6-ED75270E787A,Stream Pizza,Comedy,PG,102,02-13-2018
69DE3B4A-749F-4A22-8360-ED94E09B8124,Happy Stream,Romance,PG,86,02-20-2018
4B4080FD-1705-42A6-9E92-EDA5AF365D8D,The Clear Trek,Action/Adventure,R,115,03-27-2018
CAEB0353-69AC-48AB-9370-EDEA2656A3E8,Local Magic,Comedy,R,98,03-13-2018
474A1EC2-6128-495A-A2FA-EE0E225D87D4,Generation Cluster,Science Fiction,R,115,02-28-2017
38641BEA-D5E1-4EC7-A1D4-EE2A24C253E0,Best Brick,Family,G,108,02-06-2018
B9837486-7679-430A-BB4E-EE4098F55984,Journey of Journey,Science Fiction,R,168,01-10-2017
5BD583BE-2C3B-4109-A705-EE48E6189932,Different Lake,Family,PG,93,05-15-2018
CA075759-892D-4F18-9363-EE9F9A06EE8D,The Certain Pizza,Comedy,PG,112,02-14-2017
5DB29487-FF8A-47CF-AEE3-EF1B1FC468F1,The Theater of Destiny,Comedy,PG,112,05-16-2017
3A83D40E-0B55-4D2A-BB0F-EF2D48E68857,The Mysterious Pirate,Comedy,R,125,01-09-2018
362295CA-5F04-468B-82E6-EF66AD0E2D72,The House of Joy,Romance,PG-13,98,03-28-2017
97E26465-B642-4124-9128-EF68BFE76978,New Lake,Action/Adventure,PG,151,12-05-2017
9AC04808-AD5E-4922-9167-EFF9355C724E,Forest of Cube,Action/Adventure,PG,141,05-01-2018
42ADDF19-6B10-4C6A-B503-F0330818E8E7,The Random Fate,Comedy,R,102,08-15-2017
B4B14036-3F5C-492B-A2E5-F0585D3653B1,Adventure of Garden,Action/Adventure,PG,107,04-25-2017
C3D7505D-1D45-42E8-8773-F0CF39EE3C3E,The Local Brick,Comedy,PG,101,12-12-2017
06AB7183-5277-439B-902D-F12C92483E92,Destiny Pizza,Action/Adventure,R,105,06-13-2017
C07A0BF5-BBD3-4DCE-8C18-F132D51F8B49,Mysterious Garden,Comedy,R,112,02-06-2018
1F932EA9-35B4-4647-B38F-F18EBFE6218E,Kitchen Lake,Romance,R,90,04-24-2018
3E5F05DD-B5DA-45F2-BD21-F19D94CBC35A,Nautical Trek,Romance,R,100,07-04-2017
F98FA5E6-2D94-4930-B6CB-F1AC2DD11AFF,Pizza Cube,Action/Adventure,PG,121,11-14-2017
B4E92514-36DD-43ED-9D78-F1CB809F9AAF,Brick Warehouse,Family,PG,105,02-27-2018
4B4629A6-671E-4C08-B05E-F1F5410B3953,Intrigue Lake,Romance,R,90,12-19-2017
62DB6A46-8862-4430-834A-F2384CC22CF3,The Strong Kitchen,Comedy,R,109,05-30-2017
38E35C17-F1B0-4EC0-A7C2-F26E160A6049,The New Factory,Comedy,R,90,07-25-2017
0B0A9814-77FD-44F0-92B5-F27CB8C81517,Lake Lake,Family,PG,76,05-23-2017
8A3110E4-148E-45B7-9B97-F299662616D2,The Clear Detective,Action/Adventure,R,114,07-11-2017
A1DDAB7E-4D45-4DF9-9AA4-F3AB5ED298C7,Engine Card,Romance,PG-13,105,01-31-2017
6DDBB2A5-A373-4FEA-A720-F48DB624D4CB,Pizza of Pirate,Action/Adventure,PG,123,05-29-2018
EDCAFAA6-BE43-4930-8AFF-F4AD8D5F405F,New Cube,Comedy,R,100,02-21-2017
57096AFE-EECE-4546-A10F-F4BBA004B922,Major Forest,Romance,PG,91,10-17-2017
B7693F27-FEDA-46A7-BB64-F52B610D4FE9,Burning Warehouse,Family,PG,88,09-05-2017
0BD40CCE-2A22-41CE-885C-F555F93E5A92,International Journey,Family,PG-13,91,07-25-2017
C77E18AB-7258-4B14-BA55-F59FE9DA35F7,The International Detective,Comedy,R,112,04-17-2018
C8FC2AC7-98B6-4DA4-9B57-F5C633FC15B1,Forest Factory,Romance,PG-13,91,08-01-2017
282D03C0-34E3-40DE-ACAB-F603E420BD92,The Important Detective,Comedy,R,103,04-25-2017
154E2266-A0B6-419F-8958-F642BF2433D0,Spark Forest,Action/Adventure,R,118,10-31-2017
A88DE2CC-DBF3-4956-B26B-F6841A43D9EE,Random Intrigue,Family,G,104,02-07-2017
168682DD-C2A7-4580-8EF0-F6DC3B77B3C3,Different Engine,Family,G,76,12-12-2017
3B66BA18-8AC9-4DEF-AF61-F77F79253FB4,Robot Ring,Comedy,PG,99,10-03-2017
0C231222-2BBE-4C39-8633-F794EE01AFC8,The Certain Fate,Science Fiction,PG-13,172,06-20-2017
48E2C87B-DCAC-4EF3-9906-F7AA48440A34,Garden Generation,Science Fiction,R,110,08-15-2017
65A6C41E-6075-437A-9C51-F7FF12F3710C,True Forest,Comedy,R,128,04-10-2018
A40A4F12-FA0B-4014-96CA-F852F5D43087,Intrigue Engine,Comedy,R,124,12-26-2017
D642D323-100D-4C61-BE86-F872AB48F2F4,Generated Forest,Comedy,R,102,04-03-2018
3003E552-C9B6-4A9F-8F13-F88D36CCB55A,Data Lake,Romance,R,106,01-24-2017
4D3CC0E4-69E5-458F-B380-F8909605C7EC,Nautical Cube,Action/Adventure,R,106,01-24-2017
120A66FC-C7D0-4C70-AADD-F951ED8C3F2E,The Best Lake,Action/Adventure,PG,115,06-26-2018
A611A886-4DCD-4488-874D-F95C52C62F25,Nautical Generation,Action/Adventure,R,134,12-12-2017
CCB42962-CAD5-4E80-8F68-F96901D2256A,Lake Destiny,Comedy,R,83,03-06-2018
B01023FD-028C-4B63-88D5-F9E4139AE186,The Special Cube,Action/Adventure,R,107,02-28-2017
77204FDC-2D81-45BF-9CB3-FA7094B57865,Garden of Factory,Family,PG,92,05-08-2018
BA4E83FA-4678-438F-A28D-FA810BBF16FF,The New Intrigue,Action/Adventure,R,140,10-24-2017
094CD260-BBBF-4E9A-9253-FAD4B935673A,The Old Adventure,Science Fiction,PG-13,129,01-03-2017
0C5B8F49-014B-417F-A7EA-FB1C464EA10F,Fate of Adventure,Family,PG,95,05-22-2018
FC01B714-BC7F-4BF3-830F-FB21F91D4E1A,Mysterious Pool,Family,PG,74,12-05-2017
F0E4DCE8-D687-4996-96BC-FB68898AD3E7,Strong Destiny,Action/Adventure,R,123,02-07-2017
C6AC2E9B-6D0E-4AB6-BE51-FBAE097B9170,The Thread of Fate,Comedy,PG,96,07-18-2017
A477D014-AF8A-4225-AF88-FBE75C759D17,Nautical Cube,Romance,R,109,04-10-2018
5BF2E1E8-8AE6-45DC-8747-FCA5E444176F,Fate of Generation,Science Fiction,PG-13,111,01-10-2017
37A8AF48-929E-48C9-9570-FCF51D23C011,Generation Stream,Science Fiction,PG,175,04-03-2018
1A9BCC92-8F7F-4922-918A-FD588A12F419,Destiny Adventure,Action/Adventure,R,145,06-12-2018
5A48031A-C2A7-4248-AFDE-FD64A5DC3C31,Cube of Destiny,Comedy,R,127,02-13-2018
4989AFE6-5F96-4BC3-A290-FDB5253772BB,Robotic Spark,Family,PG,82,06-27-2017
271820D5-3997-4CE5-A40B-FDC52F506DF5,Mysterious Warehouse,Family,PG,93,01-03-2017
6B84B139-ABD2-478F-8882-FDFEBCA43C9B,The Mysterious Factory,Action/Adventure,PG,128,04-17-2018
63D4F1C5-EA4E-49AC-BD0A-FE3FAEB567C3,Old Brick,Action/Adventure,PG,142,07-25-2017
BEAC8559-73DB-484A-9DCC-FECD42C0E328,Blazing Scream,Action/Adventure,R,156,07-25-2017
11E9BEB1-9954-48CB-AA5B-FED2ED99B40B,Lake of Factory,Family,G,84,06-12-2018
4A04768D-5C00-4F15-B89D-FEEE44D4B66C,Journey of Stream,Action/Adventure,PG,153,02-27-2018
2B2A9D6F-F182-4D68-A752-FF24660217DB,Destiny Magic,Romance,PG,88,06-27-2017
56464DDE-D929-4B1E-B419-FF6F59302D5A,Chilling Generation,Comedy,PG,91,03-14-2017